runKey,decisionIndex,playerPolling,playerRank
ecologistes:contrarien:1055,1,10.817,8
ecologistes:contrarien:1055,2,10.992,7
ecologistes:contrarien:1055,3,11.035,7
ecologistes:contrarien:1055,4,10.8,7
ecologistes:contrarien:1055,5,11.141,7
ecologistes:contrarien:1055,6,11.201,7
ecologistes:contrarien:1055,7,11.236,6
ecologistes:contrarien:1055,8,9.9,8
ecologistes:contrarien:1055,9,10.516,8
ecologistes:contrarien:1055,10,10.457,8
ecologistes:contrarien:1055,11,10.61,8
ecologistes:contrarien:1055,12,9.2,8
ecologistes:contrarien:1055,13,10.901,8
ecologistes:contrarien:1055,14,10.154,8
ecologistes:contrarien:1055,15,9.842,8
ecologistes:contrarien:1055,16,11,8
ecologistes:contrarien:1055,17,9.601,8
ecologistes:contrarien:1055,18,9.602,8
ecologistes:contrarien:1055,19,9.621,8
ecologistes:contrarien:1055,20,8.1,8
ecologistes:contrarien:1055,21,9.673,8
ecologistes:contrarien:1055,22,9.263,8
ecologistes:contrarien:1055,23,9.107,8
ecologistes:contrarien:1055,24,9.175,8
ecologistes:contrarien:1055,25,9.185,8
ecologistes:opportuniste_electoral:0,1,10.514,8
ecologistes:opportuniste_electoral:0,2,10.731,8
ecologistes:opportuniste_electoral:0,3,11.337,5
ecologistes:opportuniste_electoral:0,4,7.9,8
ecologistes:opportuniste_electoral:0,5,11.942,3
ecologistes:opportuniste_electoral:0,6,12.111,2
ecologistes:opportuniste_electoral:0,7,12.216,2
ecologistes:opportuniste_electoral:0,8,12.3,2
ecologistes:opportuniste_electoral:0,9,12.199,2
ecologistes:opportuniste_electoral:0,10,12.194,2
ecologistes:opportuniste_electoral:0,11,12.379,2
ecologistes:opportuniste_electoral:0,12,9.4,8
ecologistes:opportuniste_electoral:0,13,12.386,2
ecologistes:opportuniste_electoral:0,14,12.701,2
ecologistes:opportuniste_electoral:0,15,12.803,2
ecologistes:opportuniste_electoral:0,16,11,8
ecologistes:opportuniste_electoral:0,17,13.055,1
ecologistes:opportuniste_electoral:0,18,12.511,1
ecologistes:opportuniste_electoral:0,19,12.472,1
ecologistes:opportuniste_electoral:0,20,9.4,8
ecologistes:opportuniste_electoral:0,21,12.345,1
ecologistes:opportuniste_electoral:0,22,12.806,1
ecologistes:opportuniste_electoral:0,23,13.214,1
ecologistes:opportuniste_electoral:0,24,13.593,1
ecologistes:opportuniste_electoral:0,25,13.808,1
ecologistes:opportuniste_electoral:0,26,14.159,1
ecologistes:opportuniste_electoral:0,27,14.351,1
ecologistes:opportuniste_electoral:0,28,10.8,3
ecologistes:opportuniste_electoral:0,29,14.177,1
ecologistes:opportuniste_electoral:0,30,14.13,1
ecologistes:opportuniste_electoral:0,31,14.213,1
ecologistes:risque:0,1,10.514,8
ecologistes:risque:0,2,10.731,8
ecologistes:risque:0,3,11.337,5
ecologistes:risque:0,4,7.9,8
ecologistes:risque:0,5,11.817,3
ecologistes:risque:0,6,12.024,2
ecologistes:risque:0,7,12.142,2
ecologistes:risque:0,8,12.2,2
ecologistes:risque:0,9,12.417,2
ecologistes:risque:0,10,12.525,2
ecologistes:risque:0,11,12.748,2
ecologistes:risque:0,12,9.8,8
ecologistes:risque:0,13,13.048,1
ecologistes:risque:0,14,13.383,1
ecologistes:risque:0,15,13.492,1
ecologistes:risque:0,16,11.7,3
ecologistes:risque:0,17,13.859,1
ecologistes:risque:0,18,13.329,1
ecologistes:risque:0,19,13.078,1
ecologistes:risque:0,20,10.4,4
ecologistes:risque:0,21,13.435,1
ecologistes:risque:0,22,13.743,1
ecologistes:risque:0,23,13.859,1
ecologistes:risque:0,24,14.207,1
ecologistes:risque:0,25,14.338,1
ecologistes:risque:0,26,13.796,1
ecologistes:risque:0,27,13.805,1
ecologistes:risque:0,28,10.9,2
ecologistes:risque:0,29,14.45,1
ecologistes:risque:0,30,14.408,1
ecologistes:risque:0,31,14.5,1
horizons:contrarien:0,1,12.917,2
horizons:contrarien:0,2,13.1,2
horizons:contrarien:0,3,13.202,1
horizons:contrarien:0,4,10.4,7
horizons:contrarien:0,5,13.078,2
horizons:contrarien:0,6,13.174,2
horizons:contrarien:0,7,12.527,2
horizons:contrarien:0,8,10.2,8
horizons:contrarien:0,9,12.473,2
horizons:contrarien:0,10,12.507,2
horizons:contrarien:0,11,12.481,2
horizons:contrarien:0,12,15.4,1
horizons:contrarien:0,13,12.592,2
horizons:contrarien:0,14,12.49,2
horizons:contrarien:0,15,11.743,4
horizons:contrarien:0,16,10.1,8
horizons:contrarien:0,17,11.66,4
horizons:contrarien:0,18,11.719,4
horizons:contrarien:0,19,11.829,4
horizons:contrarien:0,20,11.1,5
horizons:contrarien:0,21,11.749,4
horizons:contrarien:0,22,11.344,4
horizons:contrarien:0,23,10.398,7
horizons:contrarien:0,24,9.983,8
horizons:contrarien:0,25,9.975,8
lfi:aleatoire:0,1,11.614,5
lfi:aleatoire:0,2,11.602,5
lfi:aleatoire:0,3,11.515,5
lfi:aleatoire:0,4,11.5,5
lfi:aleatoire:0,5,11.581,5
lfi:aleatoire:0,6,11.716,5
lfi:aleatoire:0,7,11.824,4
lfi:aleatoire:0,8,15.7,1
lfi:aleatoire:0,9,12.295,2
lfi:aleatoire:0,10,12.589,2
lfi:aleatoire:0,11,12.696,2
lfi:aleatoire:0,12,14.7,1
lfi:aleatoire:0,13,12.986,1
lfi:aleatoire:0,14,13.072,1
lfi:aleatoire:0,15,13.024,1
lfi:aleatoire:0,16,16.7,1
lfi:aleatoire:0,17,13.092,1
lfi:aleatoire:0,18,13.436,1
lfi:aleatoire:0,19,13.648,1
lfi:aleatoire:0,20,14.7,1
lfi:aleatoire:0,21,14.194,1
lfi:aleatoire:0,22,14.285,1
lfi:aleatoire:0,23,13.62,1
lfi:aleatoire:0,24,13.501,1
lfi:aleatoire:0,25,13.653,1
lfi:aleatoire:0,26,13.947,1
lfi:aleatoire:0,27,14.14,1
lfi:aleatoire:0,28,11.8,3
lfi:aleatoire:0,29,14.437,1
lfi:aleatoire:0,30,14.407,1
lfi:aleatoire:0,31,14.437,1
lfi:aleatoire:1,1,12.028,3
lfi:aleatoire:1,2,12.265,3
lfi:aleatoire:1,3,12.531,2
lfi:aleatoire:1,4,13.1,1
lfi:aleatoire:1,5,12.875,2
lfi:aleatoire:1,6,12.914,2
lfi:aleatoire:1,7,12.987,2
lfi:aleatoire:1,8,13.9,1
lfi:aleatoire:1,9,13.312,1
lfi:aleatoire:1,10,13.316,1
lfi:aleatoire:1,11,13.476,1
lfi:aleatoire:1,12,11,5
lfi:aleatoire:1,13,13.816,1
lfi:aleatoire:1,14,13.922,1
lfi:aleatoire:1,15,14.127,1
lfi:aleatoire:1,16,11.6,3
lfi:aleatoire:1,17,14.524,1
lfi:aleatoire:1,18,14.464,1
lfi:aleatoire:1,19,14.397,1
lfi:aleatoire:1,20,11.2,3
lfi:aleatoire:1,21,14.618,1
lfi:aleatoire:1,22,14.567,1
lfi:aleatoire:1,23,14.604,1
lfi:aleatoire:1,24,14.816,1
lfi:aleatoire:1,25,14.891,1
lfi:aleatoire:1,26,14.915,1
lfi:aleatoire:1,27,15.034,1
lfi:aleatoire:1,28,16.5,1
lfi:aleatoire:1,29,15.212,1
lfi:aleatoire:1,30,14.975,1
lfi:aleatoire:1,31,15.007,1
lfi:aleatoire:2,1,11.63,5
lfi:aleatoire:2,2,11.678,5
lfi:aleatoire:2,3,11.727,5
lfi:aleatoire:2,4,12,3
lfi:aleatoire:2,5,12.17,3
lfi:aleatoire:2,6,12.353,2
lfi:aleatoire:2,7,12.316,2
lfi:aleatoire:2,8,12,4
lfi:aleatoire:2,9,12.466,2
lfi:aleatoire:2,10,12.443,2
lfi:aleatoire:2,11,12.428,2
lfi:aleatoire:2,12,12.2,2
lfi:aleatoire:2,13,12.543,2
lfi:aleatoire:2,14,12.682,2
lfi:aleatoire:2,15,12.739,2
lfi:aleatoire:2,16,13.8,1
lfi:aleatoire:2,17,13.087,1
lfi:aleatoire:2,18,12.941,2
lfi:aleatoire:2,19,12.872,2
lfi:aleatoire:2,20,11.5,3
lfi:aleatoire:2,21,12.971,2
lfi:aleatoire:2,22,13.012,2
lfi:aleatoire:2,23,13.179,2
lfi:aleatoire:2,24,13.263,1
lfi:aleatoire:2,25,13.501,1
lfi:aleatoire:2,26,13.475,1
lfi:aleatoire:2,27,13.57,1
lfi:aleatoire:2,28,12.3,3
lfi:aleatoire:2,29,14.346,1
lfi:aleatoire:3,1,11.574,4
lfi:aleatoire:3,2,11.627,4
lfi:aleatoire:3,3,11.768,4
lfi:aleatoire:3,4,11.5,5
lfi:aleatoire:3,5,11.767,3
lfi:aleatoire:3,6,12.029,3
lfi:aleatoire:3,7,12.351,3
lfi:aleatoire:3,8,10.2,8
lfi:aleatoire:3,9,12.339,2
lfi:aleatoire:3,10,12.404,2
lfi:aleatoire:3,11,12.631,2
lfi:aleatoire:3,12,12.2,2
lfi:aleatoire:3,13,12.937,1
lfi:aleatoire:3,14,12.887,2
lfi:aleatoire:3,15,12.971,1
lfi:aleatoire:3,16,15.9,1
lfi:aleatoire:3,17,13.435,1
lfi:aleatoire:3,18,13.869,1
lfi:aleatoire:3,19,14.104,1
lfi:aleatoire:3,20,12.3,2
lfi:aleatoire:3,21,14.479,1
lfi:aleatoire:3,22,14.554,1
lfi:aleatoire:3,23,14.694,1
lfi:aleatoire:3,24,14.863,1
lfi:aleatoire:3,25,14.998,1
lfi:aleatoire:3,26,14.976,1
lfi:aleatoire:3,27,15.014,1
lfi:aleatoire:3,28,19.7,1
lfi:aleatoire:3,29,15.252,1
lfi:mediatique:0,1,11.614,5
lfi:mediatique:0,2,11.778,4
lfi:mediatique:0,3,11.755,4
lfi:mediatique:0,4,11.7,5
lfi:mediatique:0,5,11.063,6
lfi:mediatique:0,6,11.021,6
lfi:mediatique:0,7,10.992,6
lfi:mediatique:0,8,15.1,1
lfi:mediatique:0,9,11.437,6
lfi:mediatique:0,10,11.844,4
lfi:mediatique:0,11,12.037,3
lfi:mediatique:0,12,14,1
lfi:mediatique:0,13,12.403,2
lfi:mediatique:0,14,12.649,2
lfi:mediatique:0,15,12.557,2
lfi:mediatique:0,16,16.2,1
lfi:mediatique:0,17,12.68,2
lfi:mediatique:0,18,12.842,2
lfi:mediatique:0,19,13.081,1
lfi:mediatique:0,20,14.1,1
lfi:mediatique:0,21,13.014,2
lfi:mediatique:0,22,13.213,1
lfi:mediatique:0,23,13.327,1
lfi:mediatique:0,24,13.384,1
lfi:mediatique:0,25,13.397,1
lfi:mediatique:1,1,12.028,3
lfi:mediatique:1,2,12.182,3
lfi:mediatique:1,3,12.295,3
lfi:mediatique:1,4,12.9,2
lfi:mediatique:1,5,12.325,3
lfi:mediatique:1,6,12.348,3
lfi:mediatique:1,7,12.439,3
lfi:mediatique:1,8,13.6,1
lfi:mediatique:1,9,12.524,2
lfi:mediatique:1,10,12.432,3
lfi:mediatique:1,11,12.386,3
lfi:mediatique:1,12,9.6,8
lfi:mediatique:1,13,12.126,3
lfi:mediatique:1,14,11.209,5
lfi:mediatique:1,15,11.018,7
lfi:mediatique:1,16,8.8,8
lfi:mediatique:1,17,10.819,7
lfi:mediatique:1,18,10.907,6
lfi:mediatique:1,19,10.98,6
lfi:mediatique:1,20,7.2,8
lfi:mediatique:1,21,10.309,8
lfi:mediatique:1,22,10.371,8
lfi:mediatique:1,23,10.269,8
lfi:mediatique:1,24,10.05,8
lfi:mediatique:1,25,10.049,8
lfi:parti_dabord:2,1,11.821,3
lfi:parti_dabord:2,2,12.024,3
lfi:parti_dabord:2,3,12.155,3
lfi:parti_dabord:2,4,12.4,2
lfi:parti_dabord:2,5,12.736,2
lfi:parti_dabord:2,6,12.887,1
lfi:parti_dabord:2,7,12.838,1
lfi:parti_dabord:2,8,12.6,2
lfi:parti_dabord:2,9,13.376,1
lfi:parti_dabord:2,10,13.428,1
lfi:parti_dabord:2,11,13.545,1
lfi:parti_dabord:2,12,10,8
lfi:parti_dabord:2,13,13.967,1
lfi:parti_dabord:2,14,14.07,1
lfi:parti_dabord:2,15,14.192,1
lfi:parti_dabord:2,16,14.1,1
lfi:parti_dabord:2,17,14.205,1
lfi:parti_dabord:2,18,14.346,1
lfi:parti_dabord:2,19,14.393,1
lfi:parti_dabord:2,20,12.8,2
lfi:parti_dabord:2,21,14.735,1
lfi:parti_dabord:2,22,14.901,1
lfi:parti_dabord:2,23,15.1,1
lfi:parti_dabord:2,24,15.224,1
lfi:parti_dabord:2,25,15.254,1
lfi:parti_dabord:2,26,15.368,1
lfi:parti_dabord:2,27,15.455,1
lfi:parti_dabord:2,28,13.8,1
lfi:parti_dabord:2,29,15.071,1
lfi:parti_dabord:3,1,11.631,4
lfi:parti_dabord:3,2,11.704,4
lfi:parti_dabord:3,3,11.859,3
lfi:parti_dabord:3,4,11.8,3
lfi:parti_dabord:3,5,12.19,3
lfi:parti_dabord:3,6,12.477,2
lfi:parti_dabord:3,7,12.594,2
lfi:parti_dabord:3,8,10.5,7
lfi:parti_dabord:3,9,13.063,1
lfi:parti_dabord:3,10,13.246,1
lfi:parti_dabord:3,11,13.36,1
lfi:parti_dabord:3,12,12.8,2
lfi:parti_dabord:3,13,13.653,1
lfi:parti_dabord:3,14,13.998,1
lfi:parti_dabord:3,15,14.176,1
lfi:parti_dabord:3,16,15,1
lfi:parti_dabord:3,17,14.131,1
lfi:parti_dabord:3,18,14.38,1
lfi:parti_dabord:3,19,14.749,1
lfi:parti_dabord:3,20,12.3,2
lfi:parti_dabord:3,21,14.554,1
lfi:parti_dabord:3,22,14.745,1
lfi:parti_dabord:3,23,14.943,1
lfi:parti_dabord:3,24,15.157,1
lfi:parti_dabord:3,25,15.283,1
lfi:parti_dabord:3,26,15.32,1
lfi:parti_dabord:3,27,15.297,1
lfi:parti_dabord:3,28,20,1
lfi:parti_dabord:3,29,15.622,1
lfi:prudent:0,1,11.83,3
lfi:prudent:0,2,12.068,3
lfi:prudent:0,3,12.436,2
lfi:prudent:0,4,12.3,2
lfi:prudent:0,5,12.959,1
lfi:prudent:0,6,13.169,1
lfi:prudent:0,7,13.398,1
lfi:prudent:0,8,16.5,1
lfi:prudent:0,9,12.861,1
lfi:prudent:0,10,13.259,1
lfi:prudent:0,11,13.394,1
lfi:prudent:0,12,15.5,1
lfi:prudent:0,13,13.565,1
lfi:prudent:0,14,13.624,1
lfi:prudent:0,15,13.728,1
lfi:prudent:0,16,17.5,1
lfi:prudent:0,17,13.916,1
lfi:prudent:0,18,14.162,1
lfi:prudent:0,19,14.416,1
lfi:prudent:0,20,15.4,1
lfi:prudent:0,21,14.691,1
lfi:prudent:0,22,14.671,1
lfi:prudent:0,23,14.827,1
lfi:prudent:0,24,14.943,1
lfi:prudent:0,25,15.034,1
lfi:prudent:0,26,15.242,1
lfi:prudent:0,27,15.386,1
lfi:prudent:0,28,13,1
lfi:prudent:0,29,15.504,1
lfi:prudent:0,30,15.289,1
lfi:prudent:0,31,15.221,1
lfi:prudent:1,1,12.028,3
lfi:prudent:1,2,12.347,3
lfi:prudent:1,3,12.648,2
lfi:prudent:1,4,13.2,1
lfi:prudent:1,5,12.925,2
lfi:prudent:1,6,12.969,2
lfi:prudent:1,7,13.191,1
lfi:prudent:1,8,14.1,1
lfi:prudent:1,9,13.485,1
lfi:prudent:1,10,13.682,1
lfi:prudent:1,11,13.818,1
lfi:prudent:1,12,11.3,4
lfi:prudent:1,13,14.146,1
lfi:prudent:1,14,14.406,1
lfi:prudent:1,15,14.654,1
lfi:prudent:1,16,12.2,2
lfi:prudent:1,17,15.079,1
lfi:prudent:1,18,15.368,1
lfi:prudent:1,19,15.642,1
lfi:prudent:1,20,12.5,2
lfi:prudent:1,21,15.988,1
lfi:prudent:1,22,16.133,1
lfi:prudent:1,23,16.246,1
lfi:prudent:1,24,16.313,1
lfi:prudent:1,25,16.375,1
lfi:prudent:1,26,16.479,1
lfi:prudent:1,27,16.574,1
lfi:prudent:1,28,14.2,1
lfi:prudent:1,29,16.6,1
lfi:prudent:1,30,16.317,1
lfi:prudent:1,31,16.277,1
lfi:prudent:2,1,11.821,3
lfi:prudent:2,2,12.024,3
lfi:prudent:2,3,11.979,3
lfi:prudent:2,4,12.2,3
lfi:prudent:2,5,12.484,2
lfi:prudent:2,6,12.678,2
lfi:prudent:2,7,12.774,1
lfi:prudent:2,8,12.6,2
lfi:prudent:2,9,13.45,1
lfi:prudent:2,10,13.533,1
lfi:prudent:2,11,13.589,1
lfi:prudent:2,12,10.1,7
lfi:prudent:2,13,14.185,1
lfi:prudent:2,14,14.301,1
lfi:prudent:2,15,14.408,1
lfi:prudent:2,16,14.4,1
lfi:prudent:2,17,14.784,1
lfi:prudent:2,18,15.016,1
lfi:prudent:2,19,15.229,1
lfi:prudent:2,20,13.6,1
lfi:prudent:2,21,15.487,1
lfi:prudent:2,22,15.613,1
lfi:prudent:2,23,15.142,1
lfi:prudent:2,24,14.88,1
lfi:prudent:2,25,14.908,1
lfi:prudent:2,26,15.044,1
lfi:prudent:2,27,15.147,1
lfi:prudent:2,28,14,1
lfi:prudent:2,29,15.533,1
lfi:prudent:3,1,11.724,4
lfi:prudent:3,2,11.829,3
lfi:prudent:3,3,11.994,3
lfi:prudent:3,4,11.7,4
lfi:prudent:3,5,12.003,3
lfi:prudent:3,6,12.265,3
lfi:prudent:3,7,12.585,2
lfi:prudent:3,8,10.3,7
lfi:prudent:3,9,12.371,2
lfi:prudent:3,10,12.397,2
lfi:prudent:3,11,12.611,2
lfi:prudent:3,12,12.2,2
lfi:prudent:3,13,12.886,1
lfi:prudent:3,14,13.077,1
lfi:prudent:3,15,13.231,1
lfi:prudent:3,16,14.1,1
lfi:prudent:3,17,13.778,1
lfi:prudent:3,18,14.329,1
lfi:prudent:3,19,14.759,1
lfi:prudent:3,20,12.3,2
lfi:prudent:3,21,15.24,1
lfi:prudent:3,22,15.235,1
lfi:prudent:3,23,15.279,1
lfi:prudent:3,24,15.276,1
lfi:prudent:3,25,15.393,1
lfi:prudent:3,26,15.639,1
lfi:prudent:3,27,15.736,1
lfi:prudent:3,28,20.3,1
lfi:prudent:3,29,15.924,1
lfi:risque:1,1,12.028,3
lfi:risque:1,2,12.347,3
lfi:risque:1,3,12.648,2
lfi:risque:1,4,13.4,1
lfi:risque:1,5,13.375,1
lfi:risque:1,6,13.623,1
lfi:risque:1,7,13.907,1
lfi:risque:1,8,14.6,1
lfi:risque:1,9,14.374,1
lfi:risque:1,10,14.54,1
lfi:risque:1,11,14.726,1
lfi:risque:1,12,12.1,3
lfi:risque:1,13,15.032,1
lfi:risque:1,14,14.896,1
lfi:risque:1,15,15.045,1
lfi:risque:1,16,12.6,1
lfi:risque:1,17,15.175,1
lfi:risque:1,18,15.413,1
lfi:risque:1,19,15.464,1
lfi:risque:1,20,12.3,3
lfi:risque:1,21,15.542,1
lfi:risque:1,22,15.714,1
lfi:risque:1,23,15.874,1
lfi:risque:1,24,15.753,1
lfi:risque:1,25,15.772,1
lfi:risque:1,26,15.896,1
lfi:risque:1,27,15.795,1
lfi:risque:1,28,13.6,1
lfi:risque:1,29,15.786,1
lfi:risque:1,30,15.651,1
lfi:risque:1,31,15.803,1
lfi:risque:2,1,11.821,3
lfi:risque:2,2,11.935,3
lfi:risque:2,3,12.036,3
lfi:risque:2,4,12.3,2
lfi:risque:2,5,12.605,2
lfi:risque:2,6,12.813,1
lfi:risque:2,7,12.784,1
lfi:risque:2,8,12.6,2
lfi:risque:2,9,13.331,1
lfi:risque:2,10,13.313,1
lfi:risque:2,11,13.418,1
lfi:risque:2,12,9.9,8
lfi:risque:2,13,13.421,1
lfi:risque:2,14,13.42,1
lfi:risque:2,15,13.404,1
lfi:risque:2,16,13.2,1
lfi:risque:2,17,13.328,1
lfi:risque:2,18,13.734,1
lfi:risque:2,19,13.985,1
lfi:risque:2,20,13.7,1
lfi:risque:2,21,14.377,1
lfi:risque:2,22,14.594,1
lfi:risque:2,23,14.769,1
lfi:risque:2,24,15.089,1
lfi:risque:2,25,15.09,1
ps:contrarien:1063,1,11.483,5
ps:contrarien:1063,2,11.705,4
ps:contrarien:1063,3,11.878,4
ps:contrarien:1063,4,15,1
ps:contrarien:1063,5,12.039,3
ps:contrarien:1063,6,11.259,6
ps:contrarien:1063,7,10.849,7
ps:contrarien:1063,8,12.7,3
ps:contrarien:1063,9,11.193,6
ps:contrarien:1063,10,11.215,6
ps:contrarien:1063,11,11.132,6
ps:contrarien:1063,12,11.1,6
ps:contrarien:1063,13,10.844,7
ps:contrarien:1063,14,10.205,8
ps:contrarien:1063,15,10.124,8
ps:contrarien:1063,16,7.6,8
ps:contrarien:1063,17,10.025,8
ps:contrarien:1063,18,9.975,8
ps:contrarien:1063,19,9.975,8
ps:contrarien:1063,20,11.8,4
ps:contrarien:1063,21,10.14,8
ps:contrarien:1063,22,9.433,8
ps:contrarien:1063,23,9.059,8
ps:contrarien:1063,24,8.783,8
ps:contrarien:1063,25,8.949,8
ps:ideologiquement_coherent:2,1,12.688,2
ps:ideologiquement_coherent:2,2,12.901,1
ps:ideologiquement_coherent:2,3,13.061,1
ps:ideologiquement_coherent:2,4,14,1
ps:ideologiquement_coherent:2,5,13.287,1
ps:ideologiquement_coherent:2,6,13.465,1
ps:ideologiquement_coherent:2,7,13.653,1
ps:ideologiquement_coherent:2,8,16.3,1
ps:ideologiquement_coherent:2,9,14.04,1
ps:ideologiquement_coherent:2,10,14.109,1
ps:ideologiquement_coherent:2,11,14.123,1
ps:ideologiquement_coherent:2,12,11.4,4
ps:ideologiquement_coherent:2,13,14.84,1
ps:ideologiquement_coherent:2,14,15.057,1
ps:ideologiquement_coherent:2,15,15.177,1
ps:ideologiquement_coherent:2,16,13,1
ps:ideologiquement_coherent:2,17,15.739,1
ps:ideologiquement_coherent:2,18,16.406,1
ps:ideologiquement_coherent:2,19,16.698,1
ps:ideologiquement_coherent:2,20,17,1
ps:ideologiquement_coherent:2,21,17.171,1
ps:ideologiquement_coherent:2,22,17.202,1
ps:ideologiquement_coherent:2,23,17.297,1
ps:ideologiquement_coherent:2,24,17.403,1
ps:ideologiquement_coherent:2,25,17.525,1
ps:ideologiquement_coherent:2,26,17.551,1
ps:ideologiquement_coherent:2,27,17.583,1
ps:ideologiquement_coherent:2,28,16.6,1
ps:ideologiquement_coherent:2,29,17.882,1
ps:opportuniste_electoral:0,1,11.626,4
ps:opportuniste_electoral:0,2,11.828,4
ps:opportuniste_electoral:0,3,12.468,2
ps:opportuniste_electoral:0,4,8,8
ps:opportuniste_electoral:0,5,12.922,2
ps:opportuniste_electoral:0,6,13.036,1
ps:opportuniste_electoral:0,7,13.122,1
ps:opportuniste_electoral:0,8,10.6,7
ps:opportuniste_electoral:0,9,12.757,2
ps:opportuniste_electoral:0,10,12.741,2
ps:opportuniste_electoral:0,11,12.747,2
ps:opportuniste_electoral:0,12,9.8,8
ps:opportuniste_electoral:0,13,12.888,2
ps:opportuniste_electoral:0,14,13.211,1
ps:opportuniste_electoral:0,15,13.419,1
ps:opportuniste_electoral:0,16,15.9,1
ps:opportuniste_electoral:0,17,13.979,1
ps:opportuniste_electoral:0,18,14.11,1
ps:opportuniste_electoral:0,19,14.391,1
ps:opportuniste_electoral:0,20,12.4,2
ps:opportuniste_electoral:0,21,14.193,1
ps:opportuniste_electoral:0,22,14.01,1
ps:opportuniste_electoral:0,23,13.856,1
ps:opportuniste_electoral:0,24,13.922,1
ps:opportuniste_electoral:0,25,14.035,1
ps:opportuniste_electoral:0,26,14.301,1
ps:opportuniste_electoral:0,27,14.384,1
ps:opportuniste_electoral:0,28,12.9,2
ps:opportuniste_electoral:0,29,14.876,1
ps:opportuniste_electoral:0,30,14.799,1
ps:opportuniste_electoral:0,31,14.842,1
