location,eventId,field,excerpt,classification
"event","campaign_budget_arbitration","summary","Le trésorier fictif vous présente un déficit prévisionnel : maintenir tous les déplacements épuiserait les réserves avant le premier tour. Il faut réduire un po…","à reformuler"
"event","media_fictional_editorial_support","summary","Gabriel Valès, polémiste fictif engagé dans la campagne de Reconquête, salue publiquement votre proposition sur la liberté d’expression. Son appui offre de l’au…","à reformuler"
"event","media_open_microphone","summary","Après une interview sur France 2, un micro capte votre remarque sèche sur Anaïs Vercel, directrice de campagne fictive : vous dites que son organisation « ne ti…","à reformuler"
"event","media_prime_time_invite","summary","Un adversaire fictif annule sa venue au journal de TF1. La rédaction vous offre l’entretien de vingt minutes, sans thème négocié et avec deux heures de préparat…","à reformuler"
"event","debate_security_round","summary","Le débat de premier tour aborde les violences du quotidien. Une maire fictive décrit des agressions autour d’une gare et demande une mesure applicable cet été. …","à reformuler"
"event","debate_duel_interruption","summary","Pendant un duel économique, votre adversaire fictif vous coupe quatre fois et transforme l’échange en brouhaha. La modératrice intervient sans parvenir à rétabl…","à reformuler"
"event","internal_congress_motion","summary","Quarante cadres fictifs demandent un congrès extraordinaire avant le premier tour pour clarifier la ligne économique. Le tenir donne une voix aux désaccords ; l…","à reformuler"
"event","internal_rival_interview","summary","Dans Le Figaro, un responsable fictif de votre parti affirme que votre proposition fiscale n’est pas la position collective. Il ne remet pas votre candidature e…","à reformuler"
"event","internal_financial_review","summary","La revue mensuelle menée par Maud Keravel, trésorière fictive, relève trois factures sans justificatif complet. Rien ne prouve une irrégularité, mais leur rembo…","à reformuler"
"event","internal_volunteer_conflict","summary","Dans la métropole lyonnaise, l’équipe numérique veut concentrer les bénévoles sur une opération vidéo tandis que les sections demandent du porte-à-porte. Les éc…","à reformuler"
"event","internal_spokesperson_mistake","summary","Une porte-parole fictive présente comme arbitrée une baisse de cotisations encore discutée. Les chaînes reprennent déjà le montant et vos partenaires attendent …","à reformuler"
"choice","internal_strategy_leak","strategy_leak_publish.label","Publier la note entière, identifier son auteur fictif et confirmer les options finalement écartées","à reformuler"
"event","internal_primary_debt","summary","Pour obtenir un soutien décisif lors de la primaire fictive, vous aviez promis à un courant la responsabilité du programme social. Ce courant réclame maintenant…","à reformuler"
"event","internal_major_donor","summary","Un entrepreneur fictif ayant versé un don dans les limites légales sollicite une rencontre privée sur votre fiscalité. Le rendez-vous est autorisé, mais son cal…","à reformuler"
"event","alliance_fictional_celebrity","summary","Nina Sorel, artiste fictive à forte audience, propose de chanter lors d’un meeting consacré à la jeunesse. Elle refuse tout cachet mais souhaite prononcer un di…","à reformuler"
"event","alliance_former_rival","summary","Ilyes Marceau, rival fictif de la primaire du PS, propose de rejoindre la campagne à condition de piloter les déplacements industriels. Il dispose d’un réseau m…","à reformuler"
"event","alliance_udr_autonomy","summary","Louis Ferran, cadre fictif allié au RN, demande que son courant dispose de sa propre affiche et de dix investitures promises après la présidentielle. Il menace …","à reformuler"
"event","alliance_strategic_withdrawal","summary","Nouvelle Énergie propose de retirer sa candidature fictive et de vous soutenir si vous reprenez trois mesures de décentralisation. Le mouvement demande aussi un…","à reformuler"
"event","scandal_treasurer_invoices","summary","Mediapart révèle que trois factures de la campagne ont été payées avec des justificatifs incomplets. Maud Keravel, trésorière fictive, affirme que les prestatio…","à reformuler"
"event","scandal_consultant_contract","summary","Après son départ, Léonard Pujol diffuse son contrat de conseil fictif. Une clause prévoit une prime si la campagne dépasse un seuil de voix, mécanisme légal dan…","à reformuler"
"event","scandal_local_expenses","summary","Samira Bellon, élue locale fictive, a transmis au parti des frais mêlant un déplacement de campagne et une réunion municipale. La somme est faible, mais la fron…","à reformuler"
"event","scandal_supplier_overbilling","summary","Étienne Marot, fournisseur fictif, a facturé deux fois le transport d’un lot d’affiches. Il parle d’une erreur automatique et propose un avoir immédiat. Le dire…","à reformuler"
"event","scandal_donation_route","summary","La banque de la campagne demande des précisions sur un don fictif reçu après deux virements intermédiaires. Le montant respecte le plafond, mais l’origine écono…","à reformuler"
"outcome","scandal_donation_route","donation_route_verify.donation_route_escrow.publicNarrative","Les pièces établissent après quelques jours l’identité et les revenus du donateur fictif. Vous pouvez conserver le montant, mais la campagne n’a pas pu le dépen…","à reformuler"
"choice","scandal_plagiarized_report","plagiarized_report_author.label","Suspendre la responsable fictive de la note et commander une revue de tous les documents publiés","à reformuler"
"event","scandal_family_hire","summary","Anaïs Vercel, directrice de campagne fictive, a recruté son frère comme développeur pour une mission de trois semaines. Le tarif correspond au marché et le trav…","à reformuler"
"outcome","scandal_family_hire","family_hire_defend.family_hire_defended.publicNarrative","Les preuves de travail empêchent de parler d’emploi fictif, mais votre refus de modifier la procédure laisse le conflit d’intérêts intact. La loyauté envers Ana…","à reformuler"
"event","scandal_false_resume","summary","Votre responsable fictif de la transition énergétique a indiqué avoir dirigé un programme européen alors qu’il n’en était que coordinateur adjoint. Son expertis…","à reformuler"
"event","world_economic_slowdown","summary","Dans la chronologie fictive de la partie, l’Insee publie un indicateur signalant deux trimestres de stagnation. Les entreprises retardent leurs investissements …","à reformuler"
"event","world_floods","summary","Dans un épisode fictif de la campagne, des inondations touchent plusieurs communes de Nouvelle-Aquitaine. Les secours sont engagés et aucun bilan humain n’est e…","à reformuler"
"event","world_security_attack","summary","Dans ce scénario fictif sensible, une attaque commise par une personne non identifiée fait plusieurs blessés dans un lieu public. L’enquête débute et les autori…","à reformuler"
"event","world_international_crisis","summary","Dans la géopolitique fictive de la partie, une confrontation entre navires chinois et américains ferme temporairement une route commerciale en Asie. La France n…","à reformuler"
"event","world_heatwave","summary","Dans la météo fictive de la campagne, une canicule durable atteint Lyon et plusieurs départements voisins. Les écoles ferment l’après-midi, les hôpitaux activen…","à reformuler"
"event","world_industrial_closure","summary","Dans l’économie fictive de la partie, une aciérie du Grand Est annonce huit cents suppressions d’emplois après la perte d’un contrat européen. La direction cher…","à reformuler"
"event","world_housing_protest","summary","Dans un épisode fictif à Marseille, des associations installent des tentes autour de la préfecture pour demander des solutions d’hébergement et des logements pé…","à reformuler"
"event","world_european_vote","summary","Dans le calendrier fictif, un vote du Conseil européen sur un fonds industriel échoue à une voix. L’Allemagne et la Pologne ont défendu des compromis différents…","à reformuler"
"event","world_budget_warning","summary","Dans la trajectoire fictive de la partie, la Cour des comptes publie un rapport sur la dégradation du déficit public. Le document ne juge aucun programme présid…","à reformuler"
"event","rare_printer_slogan","summary","Un lot de cinquante mille tracts transforme par erreur « la France en commun » en une formule grammaticalement étrange. Les premières photographies circulent dé…","à reformuler"
"event","rare_parrot_quote","summary","Au marché de Nice, le perroquet d’un commerçant fictif répète distinctement les quatre derniers mots de votre slogan devant les caméras. La scène est authentiqu…","à reformuler"
"event","rare_exceptional_powers","summary","Une crise institutionnelle fictive pousse plusieurs commentateurs à vous demander si vous utiliseriez l’article 16 de la Constitution. Les conditions juridiques…","à reformuler"
"event","rare_fragmented_congress","summary","Une projection fictive des législatives ne donne de majorité à aucun bloc et répartit l’Assemblée nationale entre neuf groupes. Les journalistes vous demandent …","à reformuler"
"event","rare_national_union","summary","Après une combinaison fictive de crise énergétique et de tensions internationales, plusieurs partis proposent un accord limité à six mois sur l’approvisionnemen…","à reformuler"
"event","rare_civil_suspension","summary","Après plusieurs semaines sans repos, le médecin fictif de la campagne diagnostique une extinction de voix et exige trois jours de silence complet. Aucun problèm…","à reformuler"
"event","rare_powers_guardrails_tested","summary","Une association de juristes fictive vous demande de préciser, par écrit, la procédure exacte de consultation du Conseil constitutionnel que vous aviez promise s…","à reformuler"
"event","party_lfi_fronde","summary","Nassim Courbet, député fictif de LFI, juge que la campagne parle trop d’institutions et pas assez de salaires. Il réunit plusieurs groupes d’action et demande q…","à reformuler"
"event","party_ps_fronde","summary","Ilyes Marceau, président fictif d’un courant socialiste, menace de déposer sa propre plateforme. Il exige un engagement fiscal précis et accuse la direction de …","à reformuler"
"event","party_ecologistes_fronde","summary","Maya Lestang, députée fictive, veut inscrire une sortie accélérée du nucléaire. Des maires écologistes redoutent qu’un calendrier rigide masque les besoins indu…","à reformuler"
"event","party_renaissance_fronde","summary","Salomé Varenne, cadre fictive de Renaissance, refuse que la campagne traite le quinquennat comme un fardeau. Elle rassemble des élus et demande un discours de c…","à reformuler"
"event","party_renaissance_rare","summary","Un groupe de ministres fictifs et d’anciens responsables de la majorité publie un manifeste pour une candidature de continuité. Ils ne citent personne, mais leu…","à reformuler"
"event","party_horizons_fronde","summary","Théo Lagrive, cadre fictif d’Horizons, estime qu’une candidature autonome divise inutilement le centre. Il réunit plusieurs élus locaux favorables à une négocia…","à reformuler"
"event","party_horizons_rare","summary","Un collectif de maires fictifs du centre droit annonce une consultation ouverte entre Horizons, Renaissance et LR. Leur réseau logistique est réel, mais aucun a…","à reformuler"
"event","party_lr_fronde","summary","Diane Mérande, cadre fictive de LR, affirme que plusieurs fédérations souhaitent parler au RN avant le premier tour. Elle demande un mandat officiel limité aux …","à reformuler"
"event","party_lr_rare","summary","Trois présidents fictifs de fédération annoncent qu’ils financeront leurs propres supports et candidats si la stratégie nationale reste floue. Leur implantation…","à reformuler"
"choice","party_rn_identity","rn_identity_government_team.label","Présenter d’abord une équipe économique fictive et un calendrier des cent premiers jours","à reformuler"
"event","party_rn_fronde","summary","Louis Ferran, cadre fictif du RN, juge la stratégie de normalisation trop lente. Il veut réserver la moitié des meetings aux thèmes identitaires et rassemble pl…","à reformuler"
"choice","party_rn_runoff","rn_runoff_government_guarantees.label","Publier une équipe fictive complète et garantir le maintien de la France dans l’Union européenne","à reformuler"
"event","party_rn_dissidence","summary","Des cadres fictifs exclus après le conflit interne annoncent un comité concurrent autour de Louis Ferran. Ils disposent de militants mais manquent de financemen…","à reformuler"
"event","party_reconquete_fronde","summary","Hélène Saint-Cyr, cadre fictive de Reconquête, juge que l’ouverture économique efface les priorités identitaires. Elle propose une convention concurrente et mob…","à reformuler"
"event","party_reconquete_rare","summary","Des cadres fictifs issus de Reconquête et du RN proposent de créer un mouvement commun après la présidentielle. Ils demandent dès maintenant un congrès fondateu…","à reformuler"
"event","party_nouvelle_energie_fronde","summary","Raphaël Ternois, cadre fictif de Nouvelle Énergie, estime que la candidature autonome ne peut pas se qualifier. Il réunit les premiers élus du mouvement autour …","à reformuler"
"choice","party_nouvelle_energie_runoff","nouvelle_energie_runoff_civic_government.label","Publier une équipe fictive issue de la société civile et demander des soutiens sans accord de postes","à reformuler"
"event","runoff_endorsement_wave","summary","Trois candidats fictifs éliminés annoncent leur soutien, mais chacun demande un signal différent sur l’écologie, les retraites ou la décentralisation. Les recev…","à reformuler"
"event","runoff_final_debate","summary","Face à votre finaliste fictif, le débat de France 2 et TF1 revient sur vos contradictions de campagne, vos alliances et votre capacité à gouverner. Une audience…","à reformuler"
"event","eliminated_endorse_candidate","summary","Éliminé du premier tour, vous pouvez soutenir le finaliste fictif le plus proche, négocier des garanties ou rester indépendant. Vos électeurs ne sont pas une pr…","à reformuler"
"event","eliminated_no_instruction","summary","Les deux finalistes fictifs sont éloignés de vos positions sur des sujets différents. Refuser de choisir protège votre identité ; fixer des critères ou appeler …","à reformuler"
"event","government_prime_minister","summary","Votre victoire fictive ouvre immédiatement la question de Matignon. Une figure de votre parti garantit la ligne, une alliée consolide la majorité et une personn…","à reformuler"
"choice","government_prime_minister","prime_minister_party.label","Nommer la responsable fictive du programme et lui confier la négociation de la majorité","à reformuler"
"choice","government_prime_minister","prime_minister_ally.label","Nommer une alliée fictive et signer avec elle un contrat de coalition public","à reformuler"
"choice","government_prime_minister","prime_minister_independent.label","Choisir une haute fonctionnaire fictive indépendante et lui demander une équipe resserrée","à reformuler"
"event","government_balance","summary","La liste fictive doit équilibrer compétences, parité, territoires et partenaires en quinze postes. Trois alliés demandent le même ministère économique et plusie…","à reformuler"
"event","government_first_address","summary","Après les célébrations, votre première parole présidentielle fictive doit hiérarchiser le mandat. Les partenaires attendent leurs concessions, votre parti atten…","à reformuler"
"event","government_ministry_conflict","summary","Deux responsables fictifs ayant soutenu votre second tour revendiquent le ministère de l’Économie. L’un apporte des parlementaires, l’autre a rédigé le contrat …","à reformuler"
"choice","government_ministry_conflict","ministry_conflict_third.label","Écarter les deux candidatures et nommer une économiste fictive indépendante","à reformuler"
"achievement","first_poll","description","Recevoir votre premier sondage fictif.","à reformuler"
"achievement","elysee","description","Remporter l’élection présidentielle fictive.","à reformuler"
"achievement","no_scandal","description","Finir sans traverser de scandale fictif.","à reformuler"
"achievement","three_scandals","description","Surmonter trois scandales fictifs sans perdre toute crédibilité.","à reformuler"
"achievement","won_lfi","title","Sixième République fictive","à reformuler"
"ending","divided_party","narrative","La campagne a révélé plus de fractures qu’elle n’en a refermées. Les cadres fictifs se préparent déjà à disputer l’héritage et la direction.","à reformuler"
"ending","secret_national_union","narrative","Uchronie fictive : une crise institutionnelle conduit des adversaires à former une coalition temporaire. Vous devenez l’un des garants d’un équilibre exceptionn…","à reformuler"
"ending","secret_fragmentation","narrative","Uchronie fictive : scissions et dissidences se multiplient jusqu’à rendre toute majorité introuvable. Votre candidature survit dans un paysage entièrement recom…","à reformuler"
