pairId,withdrawnPartyId,partnerId,withdrawScore,maintainScore,scoreDelta,withdrawQualified,maintainQualified,qualificationChanged,withdrawWon,maintainWon,victoryChanged,finalistsChanged
cfA-lfi-aleatoire-0,reconquete,rn,77,87,-10,true,true,false,true,true,false,true
cfA-ps-aleatoire-1,reconquete,rn,96,88,8,true,true,false,true,false,true,false
cfA-rn-aleatoire-6,ecologistes,ps,89,70,19,true,true,false,true,false,true,true
cfA-nouvelle_energie-aleatoire-8,reconquete,rn,87,98,-11,true,true,false,false,true,true,false
cfA-lfi-prudent-9,reconquete,rn,93,89,4,true,true,false,true,true,false,true
cfA-nouvelle_energie-prudent-17,reconquete,rn,96,95,1,true,true,false,true,true,false,true
cfA-renaissance-risque-21,reconquete,rn,94,83,11,true,true,false,true,true,false,true
cfA-rn-risque-24,ecologistes,ps,94,94,0,true,true,false,true,true,false,false
cfA-nouvelle_energie-risque-26,reconquete,rn,94,79,15,true,true,false,true,false,true,true
cfA-lr-ideologiquement_coherent-32,ecologistes,ps,88,76,12,true,true,false,true,false,true,true
cfA-nouvelle_energie-ideologiquement_coherent-35,reconquete,rn,99,94,5,true,true,false,true,true,false,true
cfA-ps-opportuniste_electoral-37,reconquete,rn,92,86,6,true,true,false,true,true,false,false
cfA-renaissance-opportuniste_electoral-39,reconquete,rn,57,77,-20,false,true,true,false,false,false,true
cfA-lfi-parti_dabord-45,reconquete,rn,75,82,-7,true,true,false,false,false,false,true
cfA-lr-parti_dabord-50,reconquete,rn,85,85,0,true,true,false,true,false,true,true
cfA-horizons-mediatique-58,ecologistes,ps,83,81,2,true,true,false,true,true,false,false
cfA-nouvelle_energie-mediatique-62,ecologistes,ps,48,84,-36,false,true,true,false,true,true,true
cfA-rn-contrarien-69,ecologistes,ps,64,46,18,true,false,true,false,false,false,true
cfA-ps-aleatoire-73,reconquete,rn,95,81,14,true,true,false,true,true,false,false
cfA-lr-aleatoire-77,reconquete,rn,52,59,-7,false,false,false,false,false,false,true
cfA-lfi-prudent-81,reconquete,rn,79,79,0,true,true,false,false,true,true,true
cfA-renaissance-prudent-84,ecologistes,ps,81,91,-10,true,true,false,false,true,true,false
cfA-lfi-risque-90,reconquete,rn,88,87,1,true,true,false,true,true,false,false
cfA-ps-risque-91,reconquete,rn,96,98,-2,true,true,false,true,true,false,true
cfA-lr-ideologiquement_coherent-104,reconquete,rn,91,90,1,true,true,false,true,true,false,true
cfA-ps-opportuniste_electoral-109,reconquete,rn,90,95,-5,true,true,false,false,true,true,true
cfA-renaissance-opportuniste_electoral-111,ecologistes,ps,82,75,7,true,true,false,false,false,false,false
cfA-nouvelle_energie-opportuniste_electoral-116,reconquete,rn,94,87,7,true,true,false,true,true,false,false
cfA-lfi-parti_dabord-117,reconquete,rn,80,93,-13,true,true,false,false,true,true,true
cfA-renaissance-parti_dabord-120,reconquete,rn,94,94,0,true,true,false,true,true,false,true
cfA-horizons-parti_dabord-121,ecologistes,ps,94,92,2,true,true,false,true,true,false,false
cfA-lr-parti_dabord-122,reconquete,rn,92,89,3,true,true,false,true,true,false,true
cfA-rn-parti_dabord-123,ecologistes,lfi,77,73,4,true,true,false,true,false,true,true
cfA-ps-contrarien-136,reconquete,rn,82,92,-10,true,true,false,false,true,true,false
cfA-ecologistes-aleatoire-146,reconquete,rn,95,97,-2,true,true,false,true,true,false,true
cfA-nouvelle_energie-aleatoire-152,ecologistes,ps,84,91,-7,true,true,false,false,true,true,false
cfA-ecologistes-prudent-155,reconquete,rn,92,91,1,true,true,false,true,true,false,false
cfA-lr-prudent-158,reconquete,rn,88,94,-6,true,true,false,true,true,false,true
cfA-ps-risque-163,reconquete,rn,92,98,-6,true,true,false,true,true,false,false
cfA-renaissance-risque-165,reconquete,rn,51,77,-26,false,true,true,false,true,true,true
cfA-horizons-risque-166,reconquete,rn,91,90,1,true,true,false,true,true,false,true
cfA-nouvelle_energie-risque-170,reconquete,rn,92,81,11,true,true,false,true,false,true,true
cfA-lfi-ideologiquement_coherent-171,reconquete,rn,91,92,-1,true,true,false,true,true,false,true
cfA-ps-ideologiquement_coherent-172,reconquete,rn,98,93,5,true,true,false,true,true,false,true
cfA-nouvelle_energie-ideologiquement_coherent-179,reconquete,rn,91,94,-3,true,true,false,true,true,false,true
cfA-lr-opportuniste_electoral-185,ecologistes,lfi,98,92,6,true,true,false,true,true,false,true
cfA-ps-parti_dabord-190,reconquete,rn,95,89,6,true,true,false,true,true,false,false
cfA-ecologistes-parti_dabord-191,reconquete,rn,93,96,-3,true,true,false,true,true,false,false
cfA-renaissance-parti_dabord-192,reconquete,rn,60,77,-17,false,true,true,false,true,true,true
cfA-rn-mediatique-204,lfi,ps,92,90,2,true,true,false,true,true,false,true
cfA-renaissance-contrarien-210,reconquete,rn,80,67,13,true,true,false,true,false,true,true
cfA-ps-aleatoire-217,reconquete,rn,83,89,-6,true,true,false,true,true,false,false
cfA-renaissance-aleatoire-219,reconquete,rn,56,83,-27,false,true,true,false,true,true,true
cfA-lr-aleatoire-221,reconquete,rn,90,89,1,true,true,false,true,true,false,true
cfA-nouvelle_energie-aleatoire-224,reconquete,rn,90,90,0,true,true,false,true,true,false,true
cfA-ecologistes-prudent-227,reconquete,rn,93,93,0,true,true,false,true,true,false,false
cfA-renaissance-prudent-228,reconquete,rn,84,71,13,true,true,false,true,false,true,false
cfA-ps-risque-235,reconquete,rn,95,86,9,true,true,false,true,false,true,true
cfA-ecologistes-risque-236,reconquete,rn,93,98,-5,true,true,false,true,true,false,true
cfA-renaissance-risque-237,reconquete,rn,80,54,26,true,false,true,true,false,true,true
cfA-horizons-risque-238,ecologistes,ps,91,89,2,true,true,false,true,true,false,false
cfA-ecologistes-ideologiquement_coherent-245,reconquete,rn,99,91,8,true,true,false,true,true,false,false
cfA-renaissance-ideologiquement_coherent-246,reconquete,rn,56,78,-22,false,true,true,false,true,true,true
cfA-lr-ideologiquement_coherent-248,reconquete,rn,95,88,7,true,true,false,true,true,false,true
cfA-lfi-opportuniste_electoral-252,reconquete,rn,68,78,-10,true,true,false,false,true,true,true
cfA-ps-opportuniste_electoral-253,reconquete,rn,87,66,21,true,false,true,true,false,true,true
cfA-lfi-parti_dabord-261,reconquete,rn,86,79,7,true,true,false,true,false,true,true
cfA-ps-parti_dabord-262,reconquete,rn,97,97,0,true,true,false,true,true,false,false
cfA-nouvelle_energie-parti_dabord-269,reconquete,rn,98,91,7,true,true,false,true,true,false,false
cfA-lr-mediatique-275,reconquete,rn,76,78,-2,true,true,false,false,false,false,false
cfA-rn-mediatique-276,ecologistes,ps,73,79,-6,true,true,false,false,false,false,true
cfA-nouvelle_energie-mediatique-278,ecologistes,ps,90,65,25,true,false,true,true,false,true,true
cfA-lfi-contrarien-279,reconquete,rn,76,83,-7,true,true,false,true,true,false,true
cfA-renaissance-contrarien-282,ecologistes,ps,46,46,0,false,false,false,false,false,false,true
cfA-nouvelle_energie-contrarien-287,reconquete,rn,60,81,-21,false,true,true,false,false,false,true
cfA-lr-aleatoire-293,reconquete,rn,89,77,12,true,true,false,true,false,true,false
cfA-ps-prudent-298,reconquete,rn,96,94,2,true,true,false,true,true,false,true
cfA-ecologistes-prudent-299,reconquete,rn,94,94,0,true,true,false,true,true,false,true
cfA-renaissance-prudent-300,reconquete,rn,83,85,-2,true,true,false,true,true,false,false
cfA-rn-prudent-303,ecologistes,ps,81,82,-1,true,true,false,true,true,false,true
cfA-lr-risque-311,reconquete,rn,86,90,-4,true,true,false,false,false,false,false
cfA-reconquete-risque-313,ecologistes,ps,52,66,-14,false,false,false,false,false,false,false
cfA-nouvelle_energie-risque-314,ecologistes,ps,94,81,13,true,true,false,true,false,true,false
cfA-renaissance-ideologiquement_coherent-318,reconquete,rn,82,84,-2,true,true,false,true,true,false,true
cfA-ps-opportuniste_electoral-325,reconquete,rn,99,97,2,true,true,false,true,true,false,true
cfA-renaissance-opportuniste_electoral-327,ecologistes,ps,84,87,-3,true,true,false,false,true,true,true
cfA-rn-opportuniste_electoral-330,ecologistes,ps,81,89,-8,true,true,false,false,true,true,false
cfA-lfi-parti_dabord-333,reconquete,rn,93,83,10,true,true,false,true,true,false,true
cfA-ecologistes-parti_dabord-335,reconquete,rn,91,93,-2,true,true,false,true,true,false,true
cfA-renaissance-parti_dabord-336,reconquete,rn,79,86,-7,true,true,false,true,true,false,false
cfA-nouvelle_energie-parti_dabord-341,reconquete,rn,95,89,6,true,true,false,true,true,false,false
cfA-ecologistes-mediatique-344,reconquete,rn,83,96,-13,true,true,false,false,true,true,true
cfA-renaissance-mediatique-345,reconquete,rn,74,71,3,true,true,false,false,false,false,false
cfA-nouvelle_energie-mediatique-350,reconquete,rn,57,85,-28,false,true,true,false,true,true,true
cfA-lfi-aleatoire-360,reconquete,rn,58,49,9,false,false,false,false,false,false,true
cfA-ecologistes-aleatoire-362,reconquete,rn,53,97,-44,false,true,true,false,true,true,true
cfA-ps-prudent-370,reconquete,rn,97,97,0,true,true,false,true,true,false,true
cfA-lr-prudent-374,reconquete,rn,93,87,6,true,true,false,true,true,false,true
cfA-lfi-risque-378,reconquete,rn,97,97,0,true,true,false,true,true,false,true
cfA-ps-risque-379,reconquete,rn,100,99,1,true,true,false,true,true,false,true
cfA-lr-risque-383,reconquete,rn,91,93,-2,true,true,false,true,true,false,false
cfA-nouvelle_energie-risque-386,reconquete,rn,97,98,-1,true,true,false,true,true,false,true
cfA-lfi-ideologiquement_coherent-387,reconquete,rn,94,88,6,true,true,false,true,false,true,true
cfA-ecologistes-ideologiquement_coherent-389,reconquete,rn,95,93,2,true,true,false,true,true,false,true
cfA-nouvelle_energie-ideologiquement_coherent-395,reconquete,rn,95,94,1,true,true,false,true,true,false,true
cfA-ps-opportuniste_electoral-397,reconquete,rn,73,88,-15,true,true,false,false,true,true,true
cfA-ecologistes-opportuniste_electoral-398,reconquete,rn,54,63,-9,false,false,false,false,false,false,true
cfA-nouvelle_energie-opportuniste_electoral-404,reconquete,rn,59,84,-25,false,true,true,false,true,true,true
cfA-ps-parti_dabord-406,reconquete,rn,95,98,-3,true,true,false,true,true,false,true
cfA-ecologistes-parti_dabord-407,reconquete,rn,86,86,0,true,true,false,true,true,false,false
cfA-renaissance-parti_dabord-408,reconquete,rn,92,71,21,true,true,false,true,false,true,true
cfA-lr-parti_dabord-410,reconquete,rn,73,91,-18,true,true,false,false,true,true,false
cfA-nouvelle_energie-parti_dabord-413,ecologistes,ps,94,90,4,true,true,false,true,true,false,true
cfA-ps-mediatique-415,ecologistes,lfi,90,94,-4,true,true,false,true,true,false,false
cfA-renaissance-mediatique-417,reconquete,rn,61,79,-18,false,true,true,false,false,false,true
cfA-lr-mediatique-419,reconquete,rn,56,57,-1,false,false,false,false,false,false,true
cfA-horizons-aleatoire-436,ecologistes,ps,85,79,6,true,true,false,true,true,false,false
cfA-nouvelle_energie-aleatoire-440,reconquete,rn,97,84,13,true,true,false,true,false,true,false
cfA-lfi-prudent-441,reconquete,rn,89,94,-5,true,true,false,true,true,false,false
cfA-lr-prudent-446,reconquete,rn,77,90,-13,true,true,false,false,true,true,true
cfA-horizons-risque-454,ecologistes,ps,87,89,-2,true,true,false,true,true,false,false
cfA-lr-risque-455,reconquete,rn,90,73,17,true,true,false,true,false,true,false
cfA-lfi-ideologiquement_coherent-459,reconquete,rn,96,94,2,true,true,false,true,true,false,false
cfA-ps-ideologiquement_coherent-460,reconquete,rn,100,91,9,true,true,false,true,false,true,false
cfA-lr-ideologiquement_coherent-464,reconquete,rn,97,95,2,true,true,false,true,true,false,true
cfA-nouvelle_energie-ideologiquement_coherent-467,reconquete,rn,97,98,-1,true,true,false,true,true,false,false
cfA-ps-opportuniste_electoral-469,reconquete,rn,71,78,-7,true,true,false,false,false,false,false
cfA-lr-opportuniste_electoral-473,ecologistes,ps,57,48,9,false,false,false,false,false,false,false
cfA-renaissance-parti_dabord-480,reconquete,rn,84,89,-5,true,true,false,true,true,false,false
cfA-lr-parti_dabord-482,reconquete,rn,82,94,-12,true,true,false,false,true,true,true
cfA-renaissance-mediatique-489,reconquete,rn,83,66,17,true,true,false,true,false,true,true
cfA-nouvelle_energie-contrarien-503,reconquete,rn,82,68,14,true,false,true,true,false,true,true
cfA-lfi-aleatoire-504,reconquete,rn,79,47,32,true,false,true,true,false,true,true
cfA-ps-aleatoire-505,reconquete,rn,96,88,8,true,true,false,true,true,false,true
cfA-renaissance-aleatoire-507,reconquete,rn,70,73,-3,true,true,false,false,false,false,false
cfA-lr-prudent-518,reconquete,rn,94,87,7,true,true,false,true,true,false,true
cfA-lfi-risque-522,reconquete,rn,88,91,-3,true,true,false,true,true,false,true
cfA-ps-risque-523,reconquete,rn,96,78,18,true,true,false,true,false,true,false
cfA-renaissance-ideologiquement_coherent-534,reconquete,rn,74,77,-3,true,true,false,false,false,false,false
cfA-lr-ideologiquement_coherent-536,reconquete,rn,89,97,-8,true,true,false,true,true,false,false
cfA-nouvelle_energie-ideologiquement_coherent-539,reconquete,rn,93,97,-4,true,true,false,true,true,false,true
cfA-renaissance-opportuniste_electoral-543,ecologistes,ps,95,79,16,true,true,false,true,false,true,true
cfA-rn-opportuniste_electoral-546,ecologistes,ps,87,82,5,true,true,false,true,false,true,true
cfA-lfi-parti_dabord-549,reconquete,rn,78,88,-10,true,true,false,true,true,false,false
cfA-renaissance-parti_dabord-552,reconquete,rn,81,88,-7,true,true,false,true,true,false,false
cfA-ps-mediatique-559,reconquete,rn,88,93,-5,true,true,false,true,true,false,true
cfA-ecologistes-mediatique-560,reconquete,rn,93,91,2,true,true,false,true,true,false,true
cfA-renaissance-mediatique-561,reconquete,rn,80,52,28,true,false,true,true,false,true,true
cfA-lr-mediatique-563,reconquete,rn,81,64,17,true,true,false,false,false,false,false
cfA-nouvelle_energie-mediatique-566,reconquete,rn,90,91,-1,true,true,false,true,true,false,true
cfA-renaissance-contrarien-570,ecologistes,ps,44,44,0,false,false,false,false,false,false,true
cfA-nouvelle_energie-contrarien-575,ecologistes,ps,59,91,-32,false,true,true,false,true,true,true
cfA-lfi-aleatoire-576,ecologistes,ps,90,73,17,true,true,false,true,false,true,true
cfA-ps-aleatoire-577,reconquete,rn,81,69,12,true,true,false,true,false,true,false
cfA-lr-aleatoire-581,reconquete,rn,84,91,-7,true,true,false,true,true,false,true
cfA-rn-aleatoire-582,ecologistes,ps,81,90,-9,true,true,false,false,true,true,false
cfA-ps-prudent-586,reconquete,rn,95,95,0,true,true,false,true,true,false,true
cfA-renaissance-prudent-588,reconquete,rn,90,82,8,true,true,false,true,true,false,true
cfA-nouvelle_energie-prudent-593,reconquete,rn,98,93,5,true,true,false,true,true,false,false
cfA-lfi-risque-594,reconquete,rn,89,76,13,true,true,false,true,false,true,false
cfA-lr-risque-599,ecologistes,ps,95,89,6,true,true,false,true,true,false,true
cfA-ecologistes-ideologiquement_coherent-605,reconquete,rn,96,93,3,true,true,false,true,true,false,false
cfA-lr-ideologiquement_coherent-608,ecologistes,ps,98,92,6,true,true,false,true,true,false,true
cfA-ecologistes-opportuniste_electoral-614,reconquete,rn,94,95,-1,true,true,false,true,true,false,false
cfA-renaissance-opportuniste_electoral-615,reconquete,rn,89,91,-2,true,true,false,true,true,false,false
cfA-nouvelle_energie-opportuniste_electoral-620,reconquete,rn,94,90,4,true,true,false,true,true,false,true
cfA-lr-parti_dabord-626,reconquete,rn,97,90,7,true,true,false,true,true,false,true
cfA-nouvelle_energie-parti_dabord-629,reconquete,rn,91,87,4,true,true,false,true,true,false,true
cfA-nouvelle_energie-mediatique-638,reconquete,rn,63,90,-27,false,true,true,false,true,true,true
cfA-ps-contrarien-640,ecologistes,lfi,62,86,-24,false,true,true,false,true,true,true
cfA-horizons-contrarien-643,reconquete,rn,63,75,-12,true,true,false,false,true,true,false
cfA-rn-contrarien-645,ecologistes,ps,63,63,0,true,true,false,false,false,false,false
cfA-ps-aleatoire-649,reconquete,rn,96,89,7,true,true,false,true,true,false,true
cfA-nouvelle_energie-aleatoire-656,reconquete,rn,96,99,-3,true,true,false,true,true,false,true
cfA-lfi-prudent-657,reconquete,rn,96,95,1,true,true,false,true,true,false,true
cfA-renaissance-prudent-660,reconquete,rn,89,80,9,true,true,false,true,false,true,false
cfA-reconquete-prudent-664,ecologistes,ps,56,69,-13,false,false,false,false,false,false,false
cfA-nouvelle_energie-prudent-665,reconquete,rn,97,93,4,true,true,false,true,true,false,false
cfA-ps-risque-667,reconquete,rn,99,99,0,true,true,false,true,true,false,false
cfA-ecologistes-risque-668,reconquete,rn,86,84,2,true,true,false,true,true,false,false
cfA-renaissance-risque-669,reconquete,rn,87,71,16,true,true,false,true,false,true,false
cfA-lr-risque-671,reconquete,rn,97,94,3,true,true,false,true,true,false,true
cfA-lfi-ideologiquement_coherent-675,reconquete,rn,94,91,3,true,true,false,true,true,false,true
cfA-renaissance-ideologiquement_coherent-678,reconquete,rn,92,94,-2,true,true,false,true,true,false,true
cfA-lr-ideologiquement_coherent-680,reconquete,rn,95,92,3,true,true,false,true,true,false,true
cfA-lfi-opportuniste_electoral-684,ecologistes,ps,85,91,-6,true,true,false,true,true,false,false
cfA-lr-opportuniste_electoral-689,reconquete,rn,80,80,0,true,true,false,true,false,true,true
cfA-nouvelle_energie-opportuniste_electoral-692,reconquete,rn,89,89,0,true,true,false,true,true,false,false
cfA-lr-parti_dabord-698,reconquete,rn,89,91,-2,true,true,false,true,true,false,true
cfA-lfi-mediatique-702,ecologistes,ps,77,78,-1,true,true,false,true,true,false,false
cfA-rn-mediatique-708,ecologistes,ps,89,79,10,true,true,false,true,false,true,false
cfA-nouvelle_energie-mediatique-710,ecologistes,ps,92,85,7,true,true,false,true,false,true,true
cfA-lfi-aleatoire-720,reconquete,rn,96,87,9,true,true,false,true,false,true,false
cfA-ps-aleatoire-721,reconquete,rn,98,97,1,true,true,false,true,true,false,false
cfA-renaissance-aleatoire-723,reconquete,rn,59,73,-14,false,true,true,false,false,false,true
cfA-ps-prudent-730,reconquete,rn,99,94,5,true,true,false,true,true,false,true
cfA-renaissance-prudent-732,reconquete,rn,87,87,0,true,true,false,true,true,false,true
cfA-nouvelle_energie-prudent-737,reconquete,rn,96,97,-1,true,true,false,true,true,false,true
cfA-ecologistes-risque-740,reconquete,rn,96,97,-1,true,true,false,true,true,false,false
cfA-horizons-risque-742,reconquete,rn,90,80,10,true,true,false,true,true,false,true
cfA-lr-risque-743,reconquete,rn,94,97,-3,true,true,false,true,true,false,false
cfA-ecologistes-ideologiquement_coherent-749,reconquete,rn,99,98,1,true,true,false,true,true,false,true
cfA-nouvelle_energie-ideologiquement_coherent-755,reconquete,rn,94,91,3,true,true,false,true,true,false,true
cfA-ps-opportuniste_electoral-757,reconquete,rn,93,93,0,true,true,false,false,true,true,false
cfA-ecologistes-opportuniste_electoral-758,reconquete,rn,53,89,-36,false,true,true,false,true,true,true
cfA-lfi-parti_dabord-765,reconquete,rn,86,86,0,true,true,false,true,true,false,true
cfA-ps-parti_dabord-766,reconquete,rn,97,97,0,true,true,false,true,true,false,false
cfA-renaissance-parti_dabord-768,reconquete,rn,82,73,9,true,true,false,true,true,false,true
cfA-ps-mediatique-775,reconquete,rn,91,90,1,true,true,false,true,true,false,true
cfA-renaissance-mediatique-777,reconquete,rn,83,80,3,true,true,false,true,true,false,true
cfA-renaissance-aleatoire-795,ecologistes,ps,82,76,6,true,true,false,true,true,false,true
cfA-lr-aleatoire-797,reconquete,rn,82,92,-10,true,true,false,false,true,true,false
cfA-reconquete-aleatoire-799,ecologistes,ps,56,63,-7,false,false,false,false,false,false,true
cfA-lfi-prudent-801,reconquete,rn,97,91,6,true,true,false,true,true,false,true
cfA-nouvelle_energie-prudent-809,reconquete,rn,94,94,0,true,true,false,true,true,false,true
cfA-ps-risque-811,reconquete,rn,99,99,0,true,true,false,true,true,false,true
cfA-ecologistes-risque-812,reconquete,rn,91,85,6,true,true,false,true,false,true,false
cfA-lr-risque-815,reconquete,rn,97,93,4,true,true,false,true,true,false,true
cfA-nouvelle_energie-risque-818,reconquete,rn,79,81,-2,true,true,false,false,false,false,true
cfA-lfi-ideologiquement_coherent-819,reconquete,rn,94,98,-4,true,true,false,true,true,false,true
cfA-ecologistes-ideologiquement_coherent-821,reconquete,rn,93,100,-7,true,true,false,true,true,false,true
cfA-lr-ideologiquement_coherent-824,reconquete,rn,94,94,0,true,true,false,true,true,false,false
cfA-lfi-opportuniste_electoral-828,reconquete,rn,82,84,-2,true,true,false,true,true,false,true
cfA-ps-opportuniste_electoral-829,reconquete,rn,84,82,2,true,true,false,true,true,false,false
cfA-renaissance-opportuniste_electoral-831,ecologistes,ps,89,88,1,true,true,false,true,true,false,true
cfA-lr-opportuniste_electoral-833,reconquete,rn,76,76,0,true,true,false,false,false,false,false
cfA-nouvelle_energie-opportuniste_electoral-836,reconquete,rn,90,90,0,true,true,false,true,true,false,false
cfA-nouvelle_energie-parti_dabord-845,reconquete,rn,92,66,26,true,false,true,true,false,true,true
cfA-ps-mediatique-847,reconquete,rn,97,91,6,true,true,false,true,true,false,true
cfA-rn-contrarien-861,ecologistes,ps,62,63,-1,true,true,false,false,false,false,false
cfA-ps-aleatoire-865,reconquete,rn,84,99,-15,true,true,false,false,true,true,false
cfA-lr-aleatoire-869,reconquete,rn,89,91,-2,true,true,false,true,true,false,true
cfA-nouvelle_energie-aleatoire-872,reconquete,rn,80,84,-4,true,true,false,false,true,true,false
cfA-lfi-prudent-873,reconquete,rn,92,95,-3,true,true,false,true,true,false,true
cfA-ps-prudent-874,reconquete,rn,94,96,-2,true,true,false,true,true,false,true
cfA-lr-prudent-878,reconquete,rn,94,96,-2,true,true,false,true,true,false,true
cfA-nouvelle_energie-prudent-881,reconquete,rn,97,98,-1,true,true,false,true,true,false,false
cfA-ecologistes-risque-884,reconquete,rn,88,97,-9,true,true,false,false,true,true,true
cfA-ecologistes-ideologiquement_coherent-893,reconquete,rn,88,100,-12,true,true,false,false,true,true,false
cfA-renaissance-ideologiquement_coherent-894,reconquete,rn,95,86,9,true,true,false,true,false,true,false
cfA-lr-ideologiquement_coherent-896,reconquete,rn,94,86,8,true,true,false,true,true,false,true
cfA-nouvelle_energie-ideologiquement_coherent-899,reconquete,rn,98,96,2,true,true,false,true,true,false,false
cfA-ps-opportuniste_electoral-901,reconquete,rn,91,99,-8,true,true,false,true,true,false,true
cfA-lr-opportuniste_electoral-905,reconquete,rn,84,53,31,true,false,true,true,false,true,true
cfA-ps-parti_dabord-910,reconquete,rn,75,88,-13,true,true,false,false,true,true,false
cfA-renaissance-parti_dabord-912,reconquete,rn,84,79,5,true,true,false,true,false,true,false
cfA-horizons-parti_dabord-913,ecologistes,ps,89,77,12,true,true,false,true,true,false,true
cfA-lr-parti_dabord-914,reconquete,rn,92,98,-6,true,true,false,true,true,false,false
cfA-ps-mediatique-919,ecologistes,lfi,83,50,33,true,false,true,true,false,true,true
cfA-horizons-mediatique-922,ecologistes,ps,85,88,-3,true,true,false,true,true,false,true
cfA-nouvelle_energie-mediatique-926,reconquete,rn,79,94,-15,true,true,false,false,true,true,true
cfA-lfi-contrarien-927,reconquete,rn,51,47,4,false,false,false,false,false,false,true
cfA-renaissance-aleatoire-939,reconquete,rn,87,83,4,true,true,false,true,true,false,true
cfA-lr-aleatoire-941,reconquete,rn,84,60,24,true,false,true,true,false,true,true
cfA-rn-aleatoire-942,ecologistes,ps,87,75,12,true,true,false,true,true,false,true
cfA-lfi-prudent-945,reconquete,rn,92,86,6,true,true,false,true,true,false,false
cfA-ps-prudent-946,reconquete,rn,99,98,1,true,true,false,true,true,false,true
cfA-lr-prudent-950,reconquete,rn,94,84,10,true,true,false,true,false,true,true
cfA-renaissance-risque-957,reconquete,rn,80,77,3,true,true,false,true,false,true,false
cfA-lr-risque-959,reconquete,rn,93,94,-1,true,true,false,true,true,false,true
cfA-lfi-ideologiquement_coherent-963,reconquete,rn,93,96,-3,true,true,false,true,true,false,true
cfA-ps-ideologiquement_coherent-964,reconquete,rn,100,100,0,true,true,false,true,true,false,true
cfA-lr-opportuniste_electoral-977,reconquete,rn,60,71,-11,false,true,true,false,false,false,true
cfA-lfi-parti_dabord-981,reconquete,rn,85,90,-5,true,true,false,false,true,true,false
cfA-renaissance-parti_dabord-984,reconquete,rn,89,86,3,true,true,false,true,true,false,false
cfA-lr-parti_dabord-986,reconquete,rn,97,83,14,true,true,false,true,false,true,true
cfA-reconquete-mediatique-997,ecologistes,ps,47,53,-6,false,false,false,false,false,false,true
cfA-nouvelle_energie-mediatique-998,ecologistes,lfi,63,83,-20,false,true,true,false,false,false,true
cfA-nouvelle_energie-contrarien-1007,ecologistes,ps,49,47,2,false,false,false,false,false,false,true
cfA-ps-aleatoire-1009,reconquete,rn,85,84,1,true,true,false,true,true,false,false
cfA-lr-aleatoire-1013,reconquete,rn,48,77,-29,false,true,true,false,false,false,true
cfA-lfi-prudent-1017,reconquete,rn,88,93,-5,true,true,false,true,true,false,false
cfA-renaissance-prudent-1020,reconquete,rn,92,95,-3,true,true,false,true,true,false,false
cfA-horizons-prudent-1021,ecologistes,ps,94,94,0,true,true,false,true,true,false,false
cfA-lr-prudent-1022,reconquete,rn,78,90,-12,true,true,false,false,true,true,true
cfA-lfi-risque-1026,reconquete,rn,98,96,2,true,true,false,true,true,false,true
cfA-ps-risque-1027,ecologistes,lfi,95,97,-2,true,true,false,true,true,false,true
cfA-lr-risque-1031,reconquete,rn,84,95,-11,true,true,false,false,true,true,true
cfA-nouvelle_energie-risque-1034,reconquete,rn,91,93,-2,true,true,false,true,true,false,true
cfA-ps-ideologiquement_coherent-1036,reconquete,rn,98,98,0,true,true,false,true,true,false,false
cfA-ecologistes-ideologiquement_coherent-1037,reconquete,rn,99,89,10,true,true,false,true,true,false,false
cfA-renaissance-ideologiquement_coherent-1038,reconquete,rn,81,85,-4,true,true,false,true,true,false,false
cfA-renaissance-opportuniste_electoral-1047,reconquete,rn,87,87,0,true,true,false,true,true,false,true
cfA-ecologistes-parti_dabord-1055,reconquete,rn,97,91,6,true,true,false,true,true,false,false
cfA-reconquete-parti_dabord-1060,ecologistes,ps,56,80,-24,false,true,true,false,false,false,true
cfA-lfi-contrarien-1071,reconquete,rn,30,34,-4,false,false,false,false,false,false,false
cfA-ecologistes-contrarien-1073,reconquete,rn,64,43,21,false,false,false,false,false,false,false
cfA-lfi-aleatoire-1080,reconquete,rn,75,91,-16,true,true,false,false,true,true,false
cfA-ps-aleatoire-1081,reconquete,rn,99,94,5,true,true,false,true,true,false,true
cfA-renaissance-aleatoire-1083,reconquete,rn,78,85,-7,true,true,false,true,true,false,true
cfA-lr-aleatoire-1085,reconquete,rn,41,82,-41,false,true,true,false,true,true,true
cfA-rn-aleatoire-1086,ecologistes,lfi,92,83,9,true,true,false,true,true,false,false
cfA-reconquete-aleatoire-1087,ecologistes,ps,46,47,-1,false,false,false,false,false,false,true
cfA-lfi-prudent-1089,reconquete,rn,81,85,-4,true,true,false,false,true,true,true
cfA-ecologistes-prudent-1091,reconquete,rn,90,91,-1,true,true,false,true,true,false,true
cfA-renaissance-prudent-1092,reconquete,rn,80,86,-6,true,true,false,false,true,true,false
cfA-lfi-risque-1098,reconquete,rn,93,74,19,true,true,false,true,false,true,false
cfA-renaissance-risque-1101,reconquete,rn,75,86,-11,true,true,false,false,true,true,false
cfA-lr-risque-1103,ecologistes,ps,88,81,7,true,true,false,true,true,false,true
cfA-nouvelle_energie-ideologiquement_coherent-1115,reconquete,rn,99,83,16,true,true,false,true,false,true,true
cfA-ecologistes-opportuniste_electoral-1118,reconquete,rn,94,98,-4,true,true,false,true,true,false,false
cfA-lr-opportuniste_electoral-1121,ecologistes,ps,63,50,13,false,false,false,false,false,false,false
cfA-ps-parti_dabord-1126,reconquete,rn,93,94,-1,true,true,false,true,true,false,true
cfA-renaissance-parti_dabord-1128,ecologistes,ps,91,87,4,true,true,false,true,true,false,false
cfA-ps-mediatique-1135,reconquete,rn,76,80,-4,true,true,false,true,true,false,true
cfA-ecologistes-mediatique-1136,reconquete,rn,66,58,8,false,false,false,false,false,false,true
cfA-nouvelle_energie-mediatique-1142,reconquete,rn,87,68,19,true,false,true,true,false,true,true
cfA-ps-contrarien-1144,reconquete,rn,56,42,14,false,false,false,false,false,false,false
cfA-renaissance-contrarien-1146,reconquete,rn,35,50,-15,false,false,false,false,false,false,true
cfA-lfi-aleatoire-1152,reconquete,rn,85,83,2,true,true,false,true,true,false,true
cfA-renaissance-aleatoire-1155,reconquete,rn,77,81,-4,true,true,false,false,true,true,true
cfA-rn-aleatoire-1158,ecologistes,ps,91,89,2,true,true,false,true,true,false,true
cfA-lfi-prudent-1161,reconquete,rn,93,96,-3,true,true,false,true,true,false,true
cfA-ps-prudent-1162,reconquete,rn,87,97,-10,true,true,false,true,true,false,false
cfA-ecologistes-prudent-1163,reconquete,rn,95,89,6,true,true,false,true,true,false,true
cfA-lfi-risque-1170,reconquete,rn,86,85,1,true,true,false,false,true,true,false
cfA-renaissance-risque-1173,reconquete,rn,86,89,-3,true,true,false,true,true,false,true
cfA-nouvelle_energie-risque-1178,ecologistes,ps,96,97,-1,true,true,false,true,true,false,false
cfA-lfi-ideologiquement_coherent-1179,reconquete,rn,99,94,5,true,true,false,true,true,false,true
cfA-ecologistes-ideologiquement_coherent-1181,reconquete,rn,97,97,0,true,true,false,true,true,false,false
cfA-renaissance-ideologiquement_coherent-1182,reconquete,rn,93,84,9,true,true,false,true,true,false,false
cfA-lr-opportuniste_electoral-1193,reconquete,rn,76,65,11,true,false,true,false,false,false,true
cfA-nouvelle_energie-opportuniste_electoral-1196,reconquete,rn,74,93,-19,true,true,false,false,true,true,false
cfA-ps-parti_dabord-1198,reconquete,rn,85,96,-11,true,true,false,true,true,false,false
cfA-renaissance-parti_dabord-1200,ecologistes,ps,73,74,-1,true,true,false,false,false,false,true
cfA-nouvelle_energie-parti_dabord-1205,reconquete,rn,90,93,-3,true,true,false,true,true,false,true
cfA-nouvelle_energie-mediatique-1214,reconquete,rn,90,88,2,true,true,false,true,true,false,true
cfA-ps-contrarien-1216,reconquete,rn,81,79,2,true,true,false,true,true,false,true
cfA-horizons-contrarien-1219,reconquete,rn,29,63,-34,false,true,true,false,false,false,true
cfA-reconquete-contrarien-1222,ecologistes,ps,47,39,8,false,false,false,false,false,false,true
cfA-lfi-aleatoire-1224,reconquete,rn,88,77,11,true,true,false,false,false,false,true
cfA-ps-aleatoire-1225,reconquete,rn,85,86,-1,true,true,false,false,false,false,false
cfA-renaissance-aleatoire-1227,reconquete,rn,81,80,1,true,true,false,true,true,false,false
cfA-lr-aleatoire-1229,reconquete,rn,90,88,2,true,true,false,true,true,false,true
cfA-nouvelle_energie-aleatoire-1232,reconquete,rn,99,89,10,true,true,false,true,false,true,false
cfA-ps-prudent-1234,reconquete,rn,86,86,0,true,true,false,true,true,false,true
cfA-renaissance-prudent-1236,reconquete,rn,92,76,16,true,true,false,true,false,true,false
cfA-rn-prudent-1239,ecologistes,ps,88,88,0,true,true,false,true,true,false,false
cfA-nouvelle_energie-prudent-1241,reconquete,rn,93,92,1,true,true,false,true,true,false,false
cfA-ps-risque-1243,reconquete,rn,89,98,-9,true,true,false,true,true,false,false
cfA-renaissance-risque-1245,ecologistes,ps,95,89,6,true,true,false,true,true,false,false
cfA-ps-ideologiquement_coherent-1252,reconquete,rn,100,98,2,true,true,false,true,true,false,false
cfA-renaissance-ideologiquement_coherent-1254,reconquete,rn,87,87,0,true,true,false,true,true,false,true
cfA-lr-ideologiquement_coherent-1256,ecologistes,ps,87,92,-5,true,true,false,true,true,false,false
cfA-reconquete-ideologiquement_coherent-1258,ecologistes,ps,58,65,-7,false,false,false,false,false,false,true
cfA-ps-opportuniste_electoral-1261,reconquete,rn,99,96,3,true,true,false,true,true,false,true
cfA-ecologistes-opportuniste_electoral-1262,reconquete,rn,95,87,8,true,true,false,true,false,true,true
cfA-nouvelle_energie-opportuniste_electoral-1268,reconquete,rn,96,95,1,true,true,false,true,true,false,true
cfA-lfi-parti_dabord-1269,reconquete,rn,96,83,13,true,true,false,true,true,false,true
cfA-ps-parti_dabord-1270,reconquete,rn,97,92,5,true,true,false,true,true,false,true
cfA-ecologistes-parti_dabord-1271,reconquete,rn,91,65,26,true,false,true,true,false,true,true
cfA-renaissance-parti_dabord-1272,ecologistes,ps,83,74,9,true,true,false,true,false,true,true
cfA-lr-mediatique-1283,ecologistes,ps,79,85,-6,true,true,false,true,true,false,true
cfA-ecologistes-contrarien-1289,reconquete,rn,38,60,-22,false,false,false,false,false,false,false
cfA-horizons-prudent-1309,ecologistes,ps,91,91,0,true,true,false,true,true,false,true
cfA-lr-risque-1319,reconquete,rn,98,87,11,true,true,false,true,false,true,false
cfA-nouvelle_energie-risque-1322,reconquete,rn,93,90,3,true,true,false,true,true,false,true
cfA-lfi-ideologiquement_coherent-1323,reconquete,rn,96,92,4,true,true,false,true,true,false,false
cfA-ps-ideologiquement_coherent-1324,reconquete,rn,100,100,0,true,true,false,true,true,false,false
cfA-ecologistes-ideologiquement_coherent-1325,reconquete,rn,99,99,0,true,true,false,true,true,false,true
cfA-horizons-ideologiquement_coherent-1327,ecologistes,ps,90,91,-1,true,true,false,true,true,false,false
cfA-lr-ideologiquement_coherent-1328,reconquete,rn,91,81,10,true,true,false,true,false,true,true
cfA-rn-ideologiquement_coherent-1329,ecologistes,ps,90,91,-1,true,true,false,true,true,false,false
cfA-nouvelle_energie-ideologiquement_coherent-1331,reconquete,rn,99,100,-1,true,true,false,true,true,false,true
cfA-lfi-opportuniste_electoral-1332,reconquete_dissidence_15,rn,92,90,2,true,true,false,true,true,false,false
cfA-lfi-parti_dabord-1341,ecologistes,ps,78,82,-4,true,true,false,false,true,true,false
cfA-ecologistes-parti_dabord-1343,reconquete,rn,84,78,6,true,true,false,false,false,false,true
cfA-lr-parti_dabord-1346,ecologistes,ps,95,85,10,true,true,false,true,true,false,false
cfA-nouvelle_energie-parti_dabord-1349,reconquete,rn,78,83,-5,true,true,false,false,true,true,false
cfA-rn-mediatique-1356,ecologistes,ps,78,81,-3,true,true,false,false,true,true,true
cfA-ecologistes-contrarien-1361,reconquete,rn,58,36,22,false,false,false,false,false,false,true
cfA-renaissance-contrarien-1362,reconquete,rn,45,72,-27,false,true,true,false,true,true,true
cfA-renaissance-aleatoire-1371,reconquete,rn,86,96,-10,true,true,false,false,true,true,true
cfA-lr-aleatoire-1373,reconquete,rn,93,95,-2,true,true,false,true,true,false,false
cfA-nouvelle_energie-aleatoire-1376,reconquete,rn,100,91,9,true,true,false,true,true,false,true
cfA-lfi-prudent-1377,reconquete,rn,96,94,2,true,true,false,true,true,false,true
cfA-renaissance-prudent-1380,reconquete,rn,92,72,20,true,true,false,true,false,true,true
cfA-nouvelle_energie-prudent-1385,reconquete,rn,97,88,9,true,true,false,true,true,false,false
cfA-ps-risque-1387,reconquete,rn,92,87,5,true,true,false,true,true,false,true
cfA-renaissance-risque-1389,reconquete,rn,93,90,3,true,true,false,true,true,false,false
cfA-lr-risque-1391,reconquete,rn,95,95,0,true,true,false,true,true,false,true
cfA-lfi-ideologiquement_coherent-1395,reconquete,rn,99,97,2,true,true,false,true,true,false,false
cfA-renaissance-ideologiquement_coherent-1398,reconquete,rn,96,90,6,true,true,false,true,true,false,true
cfA-nouvelle_energie-ideologiquement_coherent-1403,reconquete,rn,93,95,-2,true,true,false,true,true,false,false
cfA-ps-opportuniste_electoral-1405,reconquete,rn,82,96,-14,true,true,false,true,true,false,false
cfA-ecologistes-opportuniste_electoral-1406,reconquete,rn,86,97,-11,true,true,false,true,true,false,true
cfA-renaissance-opportuniste_electoral-1407,reconquete,rn,82,82,0,true,true,false,true,true,false,false
cfA-ecologistes-parti_dabord-1415,reconquete,rn,89,83,6,true,true,false,true,false,true,true
cfA-lr-parti_dabord-1418,reconquete,rn,90,97,-7,true,true,false,true,true,false,true
cfA-nouvelle_energie-parti_dabord-1421,reconquete,rn,79,80,-1,true,true,false,false,false,false,false
cfA-lfi-contrarien-1431,reconquete,rn,42,77,-35,false,true,true,false,true,true,true
cfA-ps-contrarien-1432,reconquete,rn,57,85,-28,false,true,true,false,true,true,true
cfA-lr-contrarien-1436,reconquete,rn,81,34,47,true,false,true,true,false,true,true
cfA-lfi-aleatoire-1440,reconquete,rn,90,96,-6,true,true,false,true,true,false,false
cfA-lr-aleatoire-1445,reconquete,rn,91,92,-1,true,true,false,true,true,false,true
cfA-nouvelle_energie-aleatoire-1448,reconquete,rn,91,83,8,true,true,false,true,false,true,false
cfA-lfi-prudent-1449,reconquete,rn,94,93,1,true,true,false,true,true,false,true
cfA-lfi-risque-1458,reconquete,rn,87,88,-1,true,true,false,true,true,false,true
cfA-ps-risque-1459,reconquete,rn,92,97,-5,true,true,false,true,true,false,false
cfA-lr-risque-1463,ecologistes,ps,98,96,2,true,true,false,true,true,false,true
cfA-nouvelle_energie-risque-1466,reconquete,rn,97,95,2,true,true,false,true,true,false,false
cfA-ps-ideologiquement_coherent-1468,reconquete,rn,96,96,0,true,true,false,true,true,false,true
cfA-ecologistes-opportuniste_electoral-1478,reconquete,rn,92,92,0,true,true,false,true,true,false,true
cfA-reconquete-opportuniste_electoral-1483,ecologistes,ps,54,48,6,false,false,false,false,false,false,true
cfA-lr-parti_dabord-1490,ecologistes,ps,85,94,-9,true,true,false,true,true,false,true
cfA-lfi-mediatique-1494,ecologistes,ps,88,59,29,true,false,true,true,false,true,true
cfA-ps-mediatique-1495,ecologistes,lfi,66,81,-15,false,true,true,false,true,true,true
cfA-renaissance-mediatique-1497,reconquete,rn,69,83,-14,true,true,false,false,true,true,true
cfA-ps-contrarien-1504,reconquete,rn,97,93,4,true,true,false,true,true,false,false
cfA-rn-contrarien-1509,ecologistes,ps,62,62,0,true,true,false,false,false,false,true
cfA-renaissance-aleatoire-1515,reconquete,rn,88,83,5,true,true,false,true,true,false,true
cfA-renaissance-prudent-1524,reconquete,rn,86,78,8,true,true,false,true,false,true,true
cfA-nouvelle_energie-prudent-1529,reconquete,rn,94,99,-5,true,true,false,true,true,false,true
cfA-rn-risque-1536,ecologistes,ps,86,89,-3,true,true,false,true,true,false,false
cfA-lfi-ideologiquement_coherent-1539,reconquete,rn,96,82,14,true,true,false,true,false,true,true
cfA-nouvelle_energie-ideologiquement_coherent-1547,reconquete,rn,92,95,-3,true,true,false,true,true,false,false
cfA-lfi-opportuniste_electoral-1548,reconquete,rn,81,73,8,true,true,false,true,false,true,false
cfA-ecologistes-opportuniste_electoral-1550,reconquete,rn,99,92,7,true,true,false,true,true,false,false
cfA-horizons-opportuniste_electoral-1552,reconquete,rn,83,90,-7,true,true,false,true,true,false,true
cfA-ps-parti_dabord-1558,reconquete,rn,98,96,2,true,true,false,true,true,false,true
cfA-renaissance-parti_dabord-1560,reconquete,rn,70,88,-18,true,true,false,false,true,true,true
cfA-lr-parti_dabord-1562,reconquete,rn,59,81,-22,false,true,true,false,true,true,true
cfA-renaissance-mediatique-1569,reconquete,rn,47,82,-35,false,true,true,false,true,true,true
cfA-lr-mediatique-1571,reconquete,rn,61,97,-36,false,true,true,false,true,true,true
cfA-lr-aleatoire-1589,reconquete,rn,97,89,8,true,true,false,true,true,false,true
cfA-rn-aleatoire-1590,ecologistes,ps,81,71,10,true,true,false,true,true,false,true
cfA-nouvelle_energie-aleatoire-1592,reconquete,rn,92,88,4,true,true,false,true,true,false,false
cfA-renaissance-prudent-1596,ecologistes,ps,85,82,3,true,true,false,true,true,false,true
cfA-rn-prudent-1599,ecologistes,ps,86,89,-3,true,true,false,true,true,false,false
cfA-renaissance-risque-1605,reconquete,rn,96,87,9,true,true,false,true,true,false,true
cfA-lr-risque-1607,ecologistes,ps,99,86,13,true,true,false,true,true,false,true
cfA-reconquete-risque-1609,ecologistes,ps,50,60,-10,false,false,false,false,false,false,true
cfA-lfi-ideologiquement_coherent-1611,reconquete,rn,92,96,-4,true,true,false,true,true,false,true
cfA-renaissance-ideologiquement_coherent-1614,reconquete,rn,88,89,-1,true,true,false,true,true,false,false
cfA-lr-ideologiquement_coherent-1616,reconquete,rn,84,93,-9,true,true,false,false,true,true,true
cfA-ps-opportuniste_electoral-1621,reconquete,rn,96,96,0,true,true,false,true,true,false,false
cfA-renaissance-opportuniste_electoral-1623,ecologistes,ps,86,82,4,true,true,false,true,true,false,false
cfA-lr-opportuniste_electoral-1625,ecologistes,ps,76,79,-3,true,true,false,false,true,true,true
cfA-ps-parti_dabord-1630,reconquete,rn,94,97,-3,true,true,false,true,true,false,false
cfA-renaissance-parti_dabord-1632,reconquete,rn,73,73,0,true,true,false,false,false,false,true
cfA-lr-parti_dabord-1634,reconquete,rn,95,97,-2,true,true,false,true,true,false,false
cfA-reconquete-parti_dabord-1636,ecologistes,ps,59,53,6,false,false,false,false,false,false,true
cfA-ps-mediatique-1639,reconquete,rn,79,84,-5,true,true,false,false,false,false,true
cfA-ecologistes-mediatique-1640,reconquete,rn,82,51,31,true,false,true,false,false,false,true
cfA-horizons-mediatique-1642,ecologistes,ps,90,84,6,true,true,false,true,true,false,false
cfA-nouvelle_energie-mediatique-1646,reconquete,rn,85,96,-11,true,true,false,false,true,true,false
cfA-renaissance-contrarien-1650,reconquete,rn,71,47,24,true,false,true,true,false,true,true
cfA-horizons-contrarien-1651,ecologistes,ps,82,81,1,true,true,false,true,true,false,true
cfA-lfi-prudent-1665,reconquete,rn,78,90,-12,true,true,false,false,true,true,true
cfA-ps-prudent-1666,reconquete,rn,90,92,-2,true,true,false,true,true,false,true
cfA-ecologistes-prudent-1667,reconquete,rn,94,93,1,true,true,false,true,true,false,false
cfA-lr-prudent-1670,reconquete,rn,85,93,-8,true,true,false,true,true,false,true
cfA-nouvelle_energie-prudent-1673,ecologistes,ps,98,91,7,true,true,false,true,true,false,true
cfA-lfi-risque-1674,reconquete,rn,80,87,-7,true,true,false,false,true,true,true
cfA-renaissance-risque-1677,reconquete,rn,88,84,4,true,true,false,true,false,true,false
cfA-lr-opportuniste_electoral-1697,reconquete,rn,87,51,36,true,false,true,true,false,true,true
cfA-reconquete-opportuniste_electoral-1699,ecologistes,ps,47,47,0,false,false,false,false,false,false,true
cfA-horizons-parti_dabord-1705,reconquete,rn,93,87,6,true,true,false,true,true,false,false
cfA-nouvelle_energie-parti_dabord-1709,reconquete,rn,94,98,-4,true,true,false,true,true,false,false
cfA-ps-mediatique-1711,reconquete,rn,93,80,13,true,true,false,true,true,false,false
cfA-renaissance-mediatique-1713,reconquete,rn,85,80,5,true,true,false,true,true,false,false
cfA-lr-mediatique-1715,reconquete,rn,83,74,9,true,true,false,true,false,true,true
cfA-nouvelle_energie-mediatique-1718,reconquete,rn,84,85,-1,true,true,false,true,true,false,false
cfA-horizons-contrarien-1723,reconquete,rn,70,47,23,true,false,true,true,false,true,true
cfA-lfi-aleatoire-1728,reconquete,rn,94,81,13,true,true,false,true,false,true,true
cfA-ps-aleatoire-1729,reconquete,rn,93,90,3,true,true,false,true,true,false,false
cfA-ecologistes-aleatoire-1730,reconquete,rn,96,99,-3,true,true,false,true,true,false,false
cfA-lr-aleatoire-1733,ecologistes,ps,89,82,7,true,true,false,true,true,false,false
cfA-nouvelle_energie-aleatoire-1736,reconquete,rn,97,92,5,true,true,false,true,true,false,true
cfA-lfi-prudent-1737,reconquete,rn,93,95,-2,true,true,false,true,true,false,false
cfA-renaissance-prudent-1740,reconquete,rn,85,80,5,true,true,false,true,true,false,false
cfA-lfi-ideologiquement_coherent-1755,reconquete,rn,100,94,6,true,true,false,true,true,false,true
cfA-horizons-ideologiquement_coherent-1759,ecologistes,ps,96,95,1,true,true,false,true,true,false,true
cfA-rn-ideologiquement_coherent-1761,ecologistes,ps,92,88,4,true,true,false,true,true,false,true
cfA-nouvelle_energie-ideologiquement_coherent-1763,reconquete,rn,91,100,-9,true,true,false,true,true,false,false
cfA-lfi-opportuniste_electoral-1764,reconquete,rn,84,86,-2,true,true,false,true,true,false,true
cfA-renaissance-opportuniste_electoral-1767,reconquete,rn,77,88,-11,true,true,false,false,true,true,false
cfA-lr-opportuniste_electoral-1769,reconquete,rn,87,79,8,true,true,false,true,false,true,true
cfA-nouvelle_energie-opportuniste_electoral-1772,reconquete,rn,97,93,4,true,true,false,true,true,false,false
cfA-lr-parti_dabord-1778,ecologistes,ps,81,87,-6,true,true,false,false,true,true,true
cfA-nouvelle_energie-parti_dabord-1781,reconquete,rn,65,87,-22,false,true,true,false,true,true,true
cfA-ps-mediatique-1783,reconquete,rn,96,96,0,true,true,false,true,true,false,true
cfA-lr-mediatique-1787,reconquete,rn,81,92,-11,true,true,false,true,true,false,false
cfA-ecologistes-prudent-1811,reconquete,rn,93,95,-2,true,true,false,true,true,false,true
cfA-renaissance-prudent-1812,reconquete,rn,93,87,6,true,true,false,true,true,false,false
cfA-reconquete-prudent-1816,ecologistes,ps,63,54,9,false,false,false,false,false,false,true
cfA-nouvelle_energie-prudent-1817,reconquete,rn,93,92,1,true,true,false,true,true,false,true
cfA-ecologistes-risque-1820,reconquete,rn,94,89,5,true,true,false,true,false,true,false
cfA-lfi-ideologiquement_coherent-1827,reconquete,rn,93,92,1,true,true,false,true,true,false,true
cfA-ecologistes-ideologiquement_coherent-1829,reconquete,rn,97,88,9,true,true,false,true,false,true,true
cfA-renaissance-ideologiquement_coherent-1830,reconquete,rn,81,80,1,true,true,false,true,false,true,true
cfA-nouvelle_energie-ideologiquement_coherent-1835,ecologistes,ps,93,95,-2,true,true,false,true,true,false,false
cfA-lfi-opportuniste_electoral-1836,reconquete,rn,68,86,-18,true,true,false,false,true,true,false
cfA-renaissance-opportuniste_electoral-1839,reconquete,rn,82,78,4,true,true,false,true,true,false,true
cfA-nouvelle_energie-opportuniste_electoral-1844,reconquete,rn,92,87,5,true,true,false,true,true,false,false
cfA-lfi-parti_dabord-1845,reconquete,rn,78,86,-8,true,true,false,false,false,false,true
cfA-ecologistes-parti_dabord-1847,reconquete,rn,93,91,2,true,true,false,true,true,false,true
cfA-nouvelle_energie-parti_dabord-1853,reconquete,rn,92,87,5,true,true,false,true,true,false,false
cfA-lr-mediatique-1859,reconquete,rn,79,84,-5,true,true,false,false,true,true,true
cfA-lfi-aleatoire-1872,reconquete,rn,93,88,5,true,true,false,true,true,false,false
