pairId,endorsementId,acceptScore,declineScore,scoreDelta,acceptQualified,declineQualified,qualificationChanged
cfC-endorsement_esteves_liberal_entrepreneur-12,endorsement_esteves_liberal_entrepreneur,87,87,0,true,true,false
cfC-endorsement_esteves_liberal_entrepreneur-20,endorsement_esteves_liberal_entrepreneur,87,87,0,true,true,false
cfC-endorsement_ravignan_historic_right-25,endorsement_ravignan_historic_right,82,81,1,true,true,false
cfC-endorsement_esteves_liberal_entrepreneur-28,endorsement_esteves_liberal_entrepreneur,46,46,0,false,false,false
cfC-endorsement_ravignan_historic_right-33,endorsement_ravignan_historic_right,50,50,0,false,false,false
cfC-endorsement_ferrandi_local_network-38,endorsement_ferrandi_local_network,90,90,0,true,true,false
cfC-endorsement_kervadec_left_intellectual-43,endorsement_kervadec_left_intellectual,90,90,0,true,true,false
cfC-endorsement_aurousseau_green_governance-47,endorsement_aurousseau_green_governance,38,37,1,false,false,false
cfC-endorsement_cazalis_institutional_continuity-48,endorsement_cazalis_institutional_continuity,87,85,2,true,true,false
cfC-endorsement_kervadec_left_intellectual-59,endorsement_kervadec_left_intellectual,92,92,0,true,true,false
cfC-endorsement_aurousseau_green_governance-71,endorsement_aurousseau_green_governance,42,41,1,false,false,false
cfC-endorsement_aurousseau_green_governance-79,endorsement_aurousseau_green_governance,42,42,0,false,false,false
cfC-endorsement_ravignan_historic_right-81,endorsement_ravignan_historic_right,57,56,1,false,false,false
cfC-endorsement_chastagnier_social_democratic-90,endorsement_chastagnier_social_democratic,96,96,0,true,true,false
cfC-endorsement_brancourt_sovereigntist-101,endorsement_brancourt_sovereigntist,96,96,0,true,true,false
cfC-endorsement_aurousseau_green_governance-103,endorsement_aurousseau_green_governance,39,38,1,false,false,false
cfC-endorsement_brancourt_sovereigntist-117,endorsement_brancourt_sovereigntist,87,87,0,true,true,false
cfC-endorsement_ferrandi_local_network-118,endorsement_ferrandi_local_network,57,57,0,false,false,false
cfC-endorsement_cazalis_institutional_continuity-120,endorsement_cazalis_institutional_continuity,81,79,2,true,true,false
cfC-endorsement_brancourt_sovereigntist-133,endorsement_brancourt_sovereigntist,47,47,0,false,false,false
cfC-endorsement_kervadec_left_intellectual-139,endorsement_kervadec_left_intellectual,95,95,0,true,true,false
cfC-endorsement_ferrandi_local_network-142,endorsement_ferrandi_local_network,55,54,1,false,false,false
cfC-endorsement_ravignan_historic_right-145,endorsement_ravignan_historic_right,51,51,0,false,false,false
cfC-endorsement_kervadec_left_intellectual-147,endorsement_kervadec_left_intellectual,91,92,-1,true,true,false
cfC-endorsement_brancourt_sovereigntist-149,endorsement_brancourt_sovereigntist,92,92,0,true,true,false
cfC-endorsement_chastagnier_social_democratic-170,endorsement_chastagnier_social_democratic,93,93,0,true,true,false
cfC-endorsement_esteves_liberal_entrepreneur-172,endorsement_esteves_liberal_entrepreneur,70,70,0,true,true,false
cfC-endorsement_brancourt_sovereigntist-181,endorsement_brancourt_sovereigntist,64,64,0,false,false,false
cfC-endorsement_ravignan_historic_right-185,endorsement_ravignan_historic_right,53,51,2,false,false,false
cfC-endorsement_kervadec_left_intellectual-187,endorsement_kervadec_left_intellectual,93,93,0,true,true,false
cfC-endorsement_brancourt_sovereigntist-221,endorsement_brancourt_sovereigntist,88,87,1,true,true,false
cfC-endorsement_aurousseau_green_governance-223,endorsement_aurousseau_green_governance,61,61,0,false,false,false
cfC-endorsement_ravignan_historic_right-225,endorsement_ravignan_historic_right,46,45,1,false,false,false
cfC-endorsement_brancourt_sovereigntist-229,endorsement_brancourt_sovereigntist,57,58,-1,false,false,false
cfC-endorsement_esteves_liberal_entrepreneur-244,endorsement_esteves_liberal_entrepreneur,72,72,0,true,true,false
cfC-endorsement_ferrandi_local_network-246,endorsement_ferrandi_local_network,74,73,1,true,true,false
cfC-endorsement_aurousseau_green_governance-263,endorsement_aurousseau_green_governance,49,48,1,false,false,false
cfC-endorsement_esteves_liberal_entrepreneur-268,endorsement_esteves_liberal_entrepreneur,68,68,0,true,true,false
cfC-endorsement_brancourt_sovereigntist-269,endorsement_brancourt_sovereigntist,81,81,0,true,true,false
cfC-endorsement_ferrandi_local_network-278,endorsement_ferrandi_local_network,63,63,0,false,false,false
cfC-endorsement_ravignan_historic_right-281,endorsement_ravignan_historic_right,66,65,1,false,false,false
cfC-endorsement_cazalis_institutional_continuity-288,endorsement_cazalis_institutional_continuity,92,86,6,true,true,false
cfC-endorsement_aurousseau_green_governance-295,endorsement_aurousseau_green_governance,56,54,2,false,false,false
cfC-endorsement_chastagnier_social_democratic-306,endorsement_chastagnier_social_democratic,97,97,0,true,true,false
cfC-endorsement_chastagnier_social_democratic-314,endorsement_chastagnier_social_democratic,88,88,0,true,true,false
cfC-endorsement_kervadec_left_intellectual-315,endorsement_kervadec_left_intellectual,84,85,-1,true,true,false
cfC-endorsement_esteves_liberal_entrepreneur-316,endorsement_esteves_liberal_entrepreneur,80,80,0,true,true,false
cfC-endorsement_aurousseau_green_governance-327,endorsement_aurousseau_green_governance,80,79,1,true,true,false
cfC-endorsement_cazalis_institutional_continuity-328,endorsement_cazalis_institutional_continuity,76,77,-1,true,true,false
cfC-endorsement_ravignan_historic_right-329,endorsement_ravignan_historic_right,63,60,3,false,false,false
cfC-endorsement_kervadec_left_intellectual-331,endorsement_kervadec_left_intellectual,97,97,0,true,true,false
cfC-endorsement_aurousseau_green_governance-343,endorsement_aurousseau_green_governance,68,67,1,false,false,false
cfC-endorsement_esteves_liberal_entrepreneur-348,endorsement_esteves_liberal_entrepreneur,84,84,0,true,true,false
cfC-endorsement_chastagnier_social_democratic-354,endorsement_chastagnier_social_democratic,97,97,0,true,true,false
cfC-endorsement_esteves_liberal_entrepreneur-356,endorsement_esteves_liberal_entrepreneur,79,79,0,true,true,false
cfC-endorsement_brancourt_sovereigntist-357,endorsement_brancourt_sovereigntist,71,71,0,true,true,false
cfC-endorsement_brancourt_sovereigntist-365,endorsement_brancourt_sovereigntist,82,82,0,true,true,false
cfC-endorsement_aurousseau_green_governance-367,endorsement_aurousseau_green_governance,55,55,0,false,false,false
cfC-endorsement_ravignan_historic_right-369,endorsement_ravignan_historic_right,57,57,0,false,false,false
cfC-endorsement_ravignan_historic_right-377,endorsement_ravignan_historic_right,54,54,0,false,false,false
cfC-endorsement_ferrandi_local_network-382,endorsement_ferrandi_local_network,72,71,1,true,true,false
cfC-endorsement_aurousseau_green_governance-383,endorsement_aurousseau_green_governance,69,69,0,true,true,false
cfC-endorsement_aurousseau_green_governance-391,endorsement_aurousseau_green_governance,66,65,1,true,true,false
cfC-endorsement_cazalis_institutional_continuity-392,endorsement_cazalis_institutional_continuity,91,93,-2,true,true,false
cfC-endorsement_esteves_liberal_entrepreneur-396,endorsement_esteves_liberal_entrepreneur,90,90,0,true,true,false
cfC-endorsement_brancourt_sovereigntist-397,endorsement_brancourt_sovereigntist,65,66,-1,false,false,false
cfC-endorsement_ferrandi_local_network-398,endorsement_ferrandi_local_network,82,88,-6,true,true,false
cfC-endorsement_cazalis_institutional_continuity-400,endorsement_cazalis_institutional_continuity,84,75,9,true,true,false
cfC-endorsement_ravignan_historic_right-401,endorsement_ravignan_historic_right,45,44,1,false,false,false
cfC-endorsement_chastagnier_social_democratic-418,endorsement_chastagnier_social_democratic,83,83,0,true,true,false
cfC-endorsement_kervadec_left_intellectual-435,endorsement_kervadec_left_intellectual,80,80,0,true,true,false
cfC-endorsement_cazalis_institutional_continuity-440,endorsement_cazalis_institutional_continuity,96,94,2,true,true,false
cfC-endorsement_kervadec_left_intellectual-443,endorsement_kervadec_left_intellectual,94,95,-1,true,true,false
cfC-endorsement_ravignan_historic_right-449,endorsement_ravignan_historic_right,43,43,0,false,false,false
cfC-endorsement_ravignan_historic_right-457,endorsement_ravignan_historic_right,46,45,1,false,false,false
cfC-endorsement_chastagnier_social_democratic-458,endorsement_chastagnier_social_democratic,92,92,0,true,true,false
cfC-endorsement_esteves_liberal_entrepreneur-460,endorsement_esteves_liberal_entrepreneur,88,88,0,true,true,false
cfC-endorsement_chastagnier_social_democratic-466,endorsement_chastagnier_social_democratic,100,100,0,true,true,false
cfC-endorsement_chastagnier_social_democratic-474,endorsement_chastagnier_social_democratic,83,83,0,true,true,false
cfC-endorsement_aurousseau_green_governance-479,endorsement_aurousseau_green_governance,76,69,7,true,true,false
cfC-endorsement_kervadec_left_intellectual-491,endorsement_kervadec_left_intellectual,89,89,0,true,true,false
cfC-endorsement_aurousseau_green_governance-495,endorsement_aurousseau_green_governance,47,46,1,false,false,false
cfC-endorsement_esteves_liberal_entrepreneur-508,endorsement_esteves_liberal_entrepreneur,71,71,0,true,true,false
cfC-endorsement_ferrandi_local_network-510,endorsement_ferrandi_local_network,86,86,0,true,true,false
cfC-endorsement_esteves_liberal_entrepreneur-516,endorsement_esteves_liberal_entrepreneur,97,97,0,true,true,false
cfC-endorsement_chastagnier_social_democratic-530,endorsement_chastagnier_social_democratic,93,94,-1,true,true,false
cfC-endorsement_kervadec_left_intellectual-531,endorsement_kervadec_left_intellectual,87,88,-1,true,true,false
cfC-endorsement_esteves_liberal_entrepreneur-540,endorsement_esteves_liberal_entrepreneur,83,90,-7,true,true,false
cfC-endorsement_ferrandi_local_network-542,endorsement_ferrandi_local_network,90,90,0,true,true,false
cfC-endorsement_ravignan_historic_right-545,endorsement_ravignan_historic_right,58,57,1,false,false,false
cfC-endorsement_chastagnier_social_democratic-546,endorsement_chastagnier_social_democratic,96,96,0,true,true,false
cfC-endorsement_kervadec_left_intellectual-547,endorsement_kervadec_left_intellectual,99,99,0,true,true,false
cfC-endorsement_brancourt_sovereigntist-549,endorsement_brancourt_sovereigntist,77,77,0,true,true,false
cfC-endorsement_aurousseau_green_governance-551,endorsement_aurousseau_green_governance,70,50,20,true,false,true
cfC-endorsement_ravignan_historic_right-553,endorsement_ravignan_historic_right,48,47,1,false,false,false
cfC-endorsement_kervadec_left_intellectual-555,endorsement_kervadec_left_intellectual,91,91,0,true,true,false
cfC-endorsement_cazalis_institutional_continuity-560,endorsement_cazalis_institutional_continuity,89,89,0,true,true,false
cfC-endorsement_cazalis_institutional_continuity-568,endorsement_cazalis_institutional_continuity,68,69,-1,true,true,false
cfC-endorsement_ravignan_historic_right-569,endorsement_ravignan_historic_right,51,50,1,false,false,false
cfC-endorsement_kervadec_left_intellectual-571,endorsement_kervadec_left_intellectual,97,98,-1,true,true,false
cfC-endorsement_cazalis_institutional_continuity-576,endorsement_cazalis_institutional_continuity,89,91,-2,true,true,false
cfC-endorsement_ravignan_historic_right-585,endorsement_ravignan_historic_right,77,76,1,true,true,false
cfC-endorsement_chastagnier_social_democratic-586,endorsement_chastagnier_social_democratic,93,93,0,true,true,false
cfC-endorsement_cazalis_institutional_continuity-600,endorsement_cazalis_institutional_continuity,91,92,-1,true,true,false
cfC-endorsement_brancourt_sovereigntist-605,endorsement_brancourt_sovereigntist,92,92,0,true,true,false
cfC-endorsement_aurousseau_green_governance-607,endorsement_aurousseau_green_governance,53,53,0,false,false,false
cfC-endorsement_aurousseau_green_governance-615,endorsement_aurousseau_green_governance,65,64,1,false,false,false
cfC-endorsement_esteves_liberal_entrepreneur-628,endorsement_esteves_liberal_entrepreneur,57,57,0,false,false,false
cfC-endorsement_ferrandi_local_network-638,endorsement_ferrandi_local_network,94,94,0,true,true,false
cfC-endorsement_ravignan_historic_right-641,endorsement_ravignan_historic_right,88,69,19,true,false,true
cfC-endorsement_brancourt_sovereigntist-645,endorsement_brancourt_sovereigntist,88,88,0,true,true,false
cfC-endorsement_chastagnier_social_democratic-650,endorsement_chastagnier_social_democratic,99,100,-1,true,true,false
cfC-endorsement_esteves_liberal_entrepreneur-660,endorsement_esteves_liberal_entrepreneur,92,92,0,true,true,false
cfC-endorsement_chastagnier_social_democratic-666,endorsement_chastagnier_social_democratic,98,98,0,true,true,false
cfC-endorsement_cazalis_institutional_continuity-672,endorsement_cazalis_institutional_continuity,88,88,0,true,true,false
cfC-endorsement_ravignan_historic_right-673,endorsement_ravignan_historic_right,51,51,0,false,false,false
cfC-endorsement_esteves_liberal_entrepreneur-684,endorsement_esteves_liberal_entrepreneur,92,92,0,true,true,false
cfC-endorsement_cazalis_institutional_continuity-688,endorsement_cazalis_institutional_continuity,75,77,-2,true,true,false
cfC-endorsement_brancourt_sovereigntist-693,endorsement_brancourt_sovereigntist,89,89,0,true,true,false
cfC-endorsement_cazalis_institutional_continuity-704,endorsement_cazalis_institutional_continuity,89,86,3,true,true,false
cfC-endorsement_esteves_liberal_entrepreneur-708,endorsement_esteves_liberal_entrepreneur,86,86,0,true,true,false
cfC-endorsement_chastagnier_social_democratic-714,endorsement_chastagnier_social_democratic,94,94,0,true,true,false
cfC-endorsement_kervadec_left_intellectual-715,endorsement_kervadec_left_intellectual,86,86,0,true,true,false
cfC-endorsement_esteves_liberal_entrepreneur-724,endorsement_esteves_liberal_entrepreneur,84,84,0,true,true,false
cfC-endorsement_chastagnier_social_democratic-738,endorsement_chastagnier_social_democratic,91,90,1,true,true,false
cfC-endorsement_ferrandi_local_network-742,endorsement_ferrandi_local_network,76,76,0,true,true,false
cfC-endorsement_chastagnier_social_democratic-746,endorsement_chastagnier_social_democratic,87,87,0,true,true,false
cfC-endorsement_ravignan_historic_right-753,endorsement_ravignan_historic_right,58,57,1,false,false,false
cfC-endorsement_esteves_liberal_entrepreneur-756,endorsement_esteves_liberal_entrepreneur,62,62,0,false,false,false
cfC-endorsement_chastagnier_social_democratic-762,endorsement_chastagnier_social_democratic,88,87,1,true,true,false
cfC-endorsement_aurousseau_green_governance-767,endorsement_aurousseau_green_governance,76,75,1,true,true,false
cfC-endorsement_esteves_liberal_entrepreneur-772,endorsement_esteves_liberal_entrepreneur,85,85,0,true,true,false
cfC-endorsement_esteves_liberal_entrepreneur-780,endorsement_esteves_liberal_entrepreneur,64,64,0,false,false,false
cfC-endorsement_ravignan_historic_right-785,endorsement_ravignan_historic_right,48,47,1,false,false,false
cfC-endorsement_esteves_liberal_entrepreneur-788,endorsement_esteves_liberal_entrepreneur,92,91,1,true,true,false
cfC-endorsement_chastagnier_social_democratic-794,endorsement_chastagnier_social_democratic,83,83,0,true,true,false
cfC-endorsement_ravignan_historic_right-801,endorsement_ravignan_historic_right,55,55,0,false,false,false
cfC-endorsement_esteves_liberal_entrepreneur-804,endorsement_esteves_liberal_entrepreneur,92,92,0,true,true,false
cfC-endorsement_cazalis_institutional_continuity-808,endorsement_cazalis_institutional_continuity,83,82,1,true,true,false
cfC-endorsement_brancourt_sovereigntist-813,endorsement_brancourt_sovereigntist,92,92,0,true,true,false
cfC-endorsement_ravignan_historic_right-817,endorsement_ravignan_historic_right,67,64,3,false,false,false
cfC-endorsement_ravignan_historic_right-825,endorsement_ravignan_historic_right,87,87,0,true,true,false
cfC-endorsement_ravignan_historic_right-833,endorsement_ravignan_historic_right,52,51,1,false,false,false
cfC-endorsement_kervadec_left_intellectual-843,endorsement_kervadec_left_intellectual,84,84,0,true,true,false
cfC-endorsement_kervadec_left_intellectual-851,endorsement_kervadec_left_intellectual,88,88,0,true,true,false
cfC-endorsement_ferrandi_local_network-854,endorsement_ferrandi_local_network,54,54,0,false,false,false
cfC-endorsement_ferrandi_local_network-862,endorsement_ferrandi_local_network,82,81,1,true,true,false
cfC-endorsement_chastagnier_social_democratic-866,endorsement_chastagnier_social_democratic,92,92,0,true,true,false
cfC-endorsement_esteves_liberal_entrepreneur-868,endorsement_esteves_liberal_entrepreneur,82,82,0,true,true,false
cfC-endorsement_aurousseau_green_governance-871,endorsement_aurousseau_green_governance,77,77,0,true,true,false
cfC-endorsement_chastagnier_social_democratic-890,endorsement_chastagnier_social_democratic,81,81,0,true,true,false
cfC-endorsement_aurousseau_green_governance-895,endorsement_aurousseau_green_governance,85,85,0,true,true,false
cfC-endorsement_ravignan_historic_right-897,endorsement_ravignan_historic_right,47,46,1,false,false,false
cfC-endorsement_brancourt_sovereigntist-901,endorsement_brancourt_sovereigntist,48,48,0,false,false,false
cfC-endorsement_cazalis_institutional_continuity-904,endorsement_cazalis_institutional_continuity,67,68,-1,true,true,false
cfC-endorsement_ravignan_historic_right-905,endorsement_ravignan_historic_right,64,63,1,false,false,false
cfC-endorsement_kervadec_left_intellectual-907,endorsement_kervadec_left_intellectual,88,88,0,true,true,false
cfC-endorsement_ravignan_historic_right-913,endorsement_ravignan_historic_right,58,58,0,false,false,false
cfC-endorsement_cazalis_institutional_continuity-920,endorsement_cazalis_institutional_continuity,54,54,0,false,false,false
cfC-endorsement_ravignan_historic_right-921,endorsement_ravignan_historic_right,56,55,1,false,false,false
cfC-endorsement_brancourt_sovereigntist-925,endorsement_brancourt_sovereigntist,51,51,0,false,false,false
cfC-endorsement_aurousseau_green_governance-935,endorsement_aurousseau_green_governance,69,66,3,true,true,false
cfC-endorsement_brancourt_sovereigntist-941,endorsement_brancourt_sovereigntist,95,94,1,true,true,false
cfC-endorsement_esteves_liberal_entrepreneur-948,endorsement_esteves_liberal_entrepreneur,84,85,-1,true,true,false
cfC-endorsement_aurousseau_green_governance-951,endorsement_aurousseau_green_governance,48,47,1,false,false,false
cfC-endorsement_cazalis_institutional_continuity-960,endorsement_cazalis_institutional_continuity,90,89,1,true,true,false
cfC-endorsement_esteves_liberal_entrepreneur-964,endorsement_esteves_liberal_entrepreneur,77,77,0,true,true,false
cfC-endorsement_brancourt_sovereigntist-965,endorsement_brancourt_sovereigntist,91,91,0,true,true,false
cfC-endorsement_ferrandi_local_network-966,endorsement_ferrandi_local_network,84,84,0,true,true,false
cfC-endorsement_aurousseau_green_governance-967,endorsement_aurousseau_green_governance,58,57,1,false,false,false
cfC-endorsement_aurousseau_green_governance-975,endorsement_aurousseau_green_governance,42,41,1,false,false,false
cfC-endorsement_brancourt_sovereigntist-981,endorsement_brancourt_sovereigntist,80,80,0,true,true,false
cfC-endorsement_ferrandi_local_network-982,endorsement_ferrandi_local_network,55,54,1,false,false,false
cfC-endorsement_ferrandi_local_network-990,endorsement_ferrandi_local_network,83,83,0,true,true,false
cfC-endorsement_cazalis_institutional_continuity-992,endorsement_cazalis_institutional_continuity,84,83,1,true,true,false
cfC-endorsement_aurousseau_green_governance-999,endorsement_aurousseau_green_governance,39,38,1,false,false,false
cfC-endorsement_chastagnier_social_democratic-1002,endorsement_chastagnier_social_democratic,82,89,-7,true,true,false
cfC-endorsement_esteves_liberal_entrepreneur-1004,endorsement_esteves_liberal_entrepreneur,92,92,0,true,true,false
cfC-endorsement_aurousseau_green_governance-1007,endorsement_aurousseau_green_governance,76,76,0,true,true,false
cfC-endorsement_brancourt_sovereigntist-1013,endorsement_brancourt_sovereigntist,92,92,0,true,true,false
cfC-endorsement_esteves_liberal_entrepreneur-1020,endorsement_esteves_liberal_entrepreneur,85,85,0,true,true,false
cfC-endorsement_aurousseau_green_governance-1023,endorsement_aurousseau_green_governance,45,44,1,false,false,false
cfC-endorsement_aurousseau_green_governance-1031,endorsement_aurousseau_green_governance,82,45,37,true,false,true
cfC-endorsement_ravignan_historic_right-1041,endorsement_ravignan_historic_right,54,53,1,false,false,false
cfC-endorsement_kervadec_left_intellectual-1051,endorsement_kervadec_left_intellectual,86,86,0,true,true,false
cfC-endorsement_kervadec_left_intellectual-1059,endorsement_kervadec_left_intellectual,85,85,0,true,true,false
cfC-endorsement_ferrandi_local_network-1062,endorsement_ferrandi_local_network,81,81,0,true,true,false
cfC-endorsement_cazalis_institutional_continuity-1064,endorsement_cazalis_institutional_continuity,90,88,2,true,true,false
cfC-endorsement_ravignan_historic_right-1065,endorsement_ravignan_historic_right,44,44,0,false,false,false
cfC-endorsement_esteves_liberal_entrepreneur-1068,endorsement_esteves_liberal_entrepreneur,94,94,0,true,true,false
cfC-endorsement_chastagnier_social_democratic-1074,endorsement_chastagnier_social_democratic,83,84,-1,true,true,false
cfC-endorsement_ravignan_historic_right-1081,endorsement_ravignan_historic_right,57,56,1,false,false,false
cfC-endorsement_chastagnier_social_democratic-1082,endorsement_chastagnier_social_democratic,94,94,0,true,true,false
cfC-endorsement_ferrandi_local_network-1086,endorsement_ferrandi_local_network,90,90,0,true,true,false
cfC-endorsement_ravignan_historic_right-1089,endorsement_ravignan_historic_right,66,66,0,false,false,false
cfC-endorsement_aurousseau_green_governance-1111,endorsement_aurousseau_green_governance,50,49,1,false,false,false
cfC-endorsement_ferrandi_local_network-1118,endorsement_ferrandi_local_network,56,55,1,false,false,false
cfC-endorsement_cazalis_institutional_continuity-1128,endorsement_cazalis_institutional_continuity,92,93,-1,true,true,false
cfC-endorsement_aurousseau_green_governance-1135,endorsement_aurousseau_green_governance,88,87,1,true,true,false
cfC-endorsement_aurousseau_green_governance-1151,endorsement_aurousseau_green_governance,52,51,1,false,false,false
cfC-endorsement_esteves_liberal_entrepreneur-1156,endorsement_esteves_liberal_entrepreneur,85,85,0,true,true,false
cfC-endorsement_ferrandi_local_network-1158,endorsement_ferrandi_local_network,73,73,0,true,true,false
cfC-endorsement_ravignan_historic_right-1161,endorsement_ravignan_historic_right,82,82,0,true,true,false
cfC-endorsement_aurousseau_green_governance-1167,endorsement_aurousseau_green_governance,48,47,1,false,false,false
cfC-endorsement_ravignan_historic_right-1169,endorsement_ravignan_historic_right,58,57,1,false,false,false
cfC-endorsement_chastagnier_social_democratic-1170,endorsement_chastagnier_social_democratic,90,90,0,true,true,false
cfC-endorsement_cazalis_institutional_continuity-1176,endorsement_cazalis_institutional_continuity,88,89,-1,true,true,false
cfC-endorsement_chastagnier_social_democratic-1178,endorsement_chastagnier_social_democratic,99,99,0,true,true,false
cfC-endorsement_kervadec_left_intellectual-1179,endorsement_kervadec_left_intellectual,87,87,0,true,true,false
cfC-endorsement_cazalis_institutional_continuity-1184,endorsement_cazalis_institutional_continuity,76,85,-9,true,true,false
cfC-endorsement_chastagnier_social_democratic-1194,endorsement_chastagnier_social_democratic,100,100,0,true,true,false
cfC-endorsement_ferrandi_local_network-1206,endorsement_ferrandi_local_network,71,71,0,true,true,false
cfC-endorsement_cazalis_institutional_continuity-1208,endorsement_cazalis_institutional_continuity,82,83,-1,true,true,false
cfC-endorsement_kervadec_left_intellectual-1211,endorsement_kervadec_left_intellectual,97,97,0,true,true,false
cfC-endorsement_ferrandi_local_network-1214,endorsement_ferrandi_local_network,88,88,0,true,true,false
cfC-endorsement_aurousseau_green_governance-1223,endorsement_aurousseau_green_governance,52,52,0,false,false,false
cfC-endorsement_aurousseau_green_governance-1239,endorsement_aurousseau_green_governance,56,55,1,false,false,false
cfC-endorsement_chastagnier_social_democratic-1242,endorsement_chastagnier_social_democratic,100,100,0,true,true,false
cfC-endorsement_brancourt_sovereigntist-1245,endorsement_brancourt_sovereigntist,89,89,0,true,true,false
cfC-endorsement_esteves_liberal_entrepreneur-1252,endorsement_esteves_liberal_entrepreneur,86,86,0,true,true,false
cfC-endorsement_cazalis_institutional_continuity-1264,endorsement_cazalis_institutional_continuity,85,84,1,true,true,false
cfC-endorsement_kervadec_left_intellectual-1291,endorsement_kervadec_left_intellectual,92,93,-1,true,true,false
cfC-endorsement_esteves_liberal_entrepreneur-1300,endorsement_esteves_liberal_entrepreneur,39,39,0,false,false,false
cfC-endorsement_brancourt_sovereigntist-1309,endorsement_brancourt_sovereigntist,39,40,-1,false,false,false
cfC-endorsement_esteves_liberal_entrepreneur-1316,endorsement_esteves_liberal_entrepreneur,92,92,0,true,true,false
cfC-endorsement_brancourt_sovereigntist-1317,endorsement_brancourt_sovereigntist,85,86,-1,true,true,false
cfC-endorsement_esteves_liberal_entrepreneur-1324,endorsement_esteves_liberal_entrepreneur,62,63,-1,false,false,false
cfC-endorsement_ravignan_historic_right-1329,endorsement_ravignan_historic_right,53,52,1,false,false,false
cfC-endorsement_kervadec_left_intellectual-1331,endorsement_kervadec_left_intellectual,94,94,0,true,true,false
cfC-endorsement_brancourt_sovereigntist-1333,endorsement_brancourt_sovereigntist,58,58,0,false,false,false
cfC-endorsement_kervadec_left_intellectual-1339,endorsement_kervadec_left_intellectual,90,85,5,true,true,false
cfC-endorsement_esteves_liberal_entrepreneur-1340,endorsement_esteves_liberal_entrepreneur,91,91,0,true,true,false
cfC-endorsement_brancourt_sovereigntist-1341,endorsement_brancourt_sovereigntist,83,83,0,true,true,false
cfC-endorsement_kervadec_left_intellectual-1347,endorsement_kervadec_left_intellectual,97,97,0,true,true,false
cfC-endorsement_chastagnier_social_democratic-1354,endorsement_chastagnier_social_democratic,79,79,0,true,true,false
cfC-endorsement_brancourt_sovereigntist-1357,endorsement_brancourt_sovereigntist,47,48,-1,false,false,false
cfC-endorsement_kervadec_left_intellectual-1371,endorsement_kervadec_left_intellectual,90,90,0,true,true,false
cfC-endorsement_ferrandi_local_network-1374,endorsement_ferrandi_local_network,75,75,0,true,true,false
cfC-endorsement_esteves_liberal_entrepreneur-1380,endorsement_esteves_liberal_entrepreneur,62,62,0,false,false,false
cfC-endorsement_aurousseau_green_governance-1383,endorsement_aurousseau_green_governance,57,56,1,false,false,false
cfC-endorsement_esteves_liberal_entrepreneur-1388,endorsement_esteves_liberal_entrepreneur,84,84,0,true,true,false
cfC-endorsement_cazalis_institutional_continuity-1392,endorsement_cazalis_institutional_continuity,92,79,13,true,true,false
cfC-endorsement_brancourt_sovereigntist-1397,endorsement_brancourt_sovereigntist,97,97,0,true,true,false
cfC-endorsement_chastagnier_social_democratic-1410,endorsement_chastagnier_social_democratic,100,100,0,true,true,false
cfC-endorsement_ravignan_historic_right-1417,endorsement_ravignan_historic_right,52,52,0,false,false,false
cfC-endorsement_esteves_liberal_entrepreneur-1420,endorsement_esteves_liberal_entrepreneur,83,83,0,true,true,false
cfC-endorsement_esteves_liberal_entrepreneur-1436,endorsement_esteves_liberal_entrepreneur,93,93,0,true,true,false
cfC-endorsement_ravignan_historic_right-1441,endorsement_ravignan_historic_right,54,53,1,false,false,false
cfC-endorsement_kervadec_left_intellectual-1443,endorsement_kervadec_left_intellectual,94,94,0,true,true,false
cfC-endorsement_brancourt_sovereigntist-1453,endorsement_brancourt_sovereigntist,42,43,-1,false,false,false
cfC-endorsement_aurousseau_green_governance-1463,endorsement_aurousseau_green_governance,44,43,1,false,false,false
cfC-endorsement_kervadec_left_intellectual-1475,endorsement_kervadec_left_intellectual,93,93,0,true,true,false
cfC-endorsement_brancourt_sovereigntist-1477,endorsement_brancourt_sovereigntist,41,41,0,false,false,false
cfC-endorsement_aurousseau_green_governance-1479,endorsement_aurousseau_green_governance,66,66,0,false,false,false
cfC-endorsement_kervadec_left_intellectual-1483,endorsement_kervadec_left_intellectual,99,99,0,true,true,false
cfC-endorsement_ferrandi_local_network-1502,endorsement_ferrandi_local_network,64,63,1,false,false,false
cfC-endorsement_chastagnier_social_democratic-1506,endorsement_chastagnier_social_democratic,99,99,0,true,true,false
cfC-endorsement_kervadec_left_intellectual-1507,endorsement_kervadec_left_intellectual,100,100,0,true,true,false
cfC-endorsement_ferrandi_local_network-1510,endorsement_ferrandi_local_network,87,86,1,true,true,false
cfC-endorsement_kervadec_left_intellectual-1515,endorsement_kervadec_left_intellectual,95,95,0,true,true,false
cfC-endorsement_esteves_liberal_entrepreneur-1516,endorsement_esteves_liberal_entrepreneur,74,74,0,true,true,false
cfC-endorsement_ferrandi_local_network-1526,endorsement_ferrandi_local_network,93,93,0,true,true,false
cfC-endorsement_brancourt_sovereigntist-1533,endorsement_brancourt_sovereigntist,82,82,0,true,true,false
cfC-endorsement_aurousseau_green_governance-1535,endorsement_aurousseau_green_governance,63,63,0,true,true,false
cfC-endorsement_ravignan_historic_right-1545,endorsement_ravignan_historic_right,53,52,1,false,false,false
cfC-endorsement_kervadec_left_intellectual-1547,endorsement_kervadec_left_intellectual,86,86,0,true,true,false
cfC-endorsement_cazalis_institutional_continuity-1552,endorsement_cazalis_institutional_continuity,70,83,-13,true,true,false
cfC-endorsement_kervadec_left_intellectual-1555,endorsement_kervadec_left_intellectual,96,97,-1,true,true,false
cfC-endorsement_cazalis_institutional_continuity-1560,endorsement_cazalis_institutional_continuity,80,79,1,true,true,false
cfC-endorsement_ravignan_historic_right-1561,endorsement_ravignan_historic_right,66,65,1,false,false,false
cfC-endorsement_ravignan_historic_right-1569,endorsement_ravignan_historic_right,51,51,0,false,false,false
cfC-endorsement_ravignan_historic_right-1577,endorsement_ravignan_historic_right,55,54,1,false,false,false
cfC-endorsement_aurousseau_green_governance-1583,endorsement_aurousseau_green_governance,53,53,0,false,false,false
cfC-endorsement_cazalis_institutional_continuity-1584,endorsement_cazalis_institutional_continuity,90,87,3,true,true,false
cfC-endorsement_ravignan_historic_right-1585,endorsement_ravignan_historic_right,57,56,1,false,false,false
cfC-endorsement_chastagnier_social_democratic-1586,endorsement_chastagnier_social_democratic,76,76,0,true,true,false
cfC-endorsement_ravignan_historic_right-1601,endorsement_ravignan_historic_right,45,43,2,false,false,false
cfC-endorsement_esteves_liberal_entrepreneur-1604,endorsement_esteves_liberal_entrepreneur,92,92,0,true,true,false
cfC-endorsement_kervadec_left_intellectual-1611,endorsement_kervadec_left_intellectual,96,96,0,true,true,false
cfC-endorsement_esteves_liberal_entrepreneur-1612,endorsement_esteves_liberal_entrepreneur,78,78,0,true,true,false
cfC-endorsement_kervadec_left_intellectual-1619,endorsement_kervadec_left_intellectual,92,92,0,true,true,false
cfC-endorsement_chastagnier_social_democratic-1626,endorsement_chastagnier_social_democratic,90,84,6,true,true,false
cfC-endorsement_ferrandi_local_network-1630,endorsement_ferrandi_local_network,76,76,0,true,true,false
cfC-endorsement_kervadec_left_intellectual-1651,endorsement_kervadec_left_intellectual,95,95,0,true,true,false
cfC-endorsement_chastagnier_social_democratic-1658,endorsement_chastagnier_social_democratic,96,96,0,true,true,false
cfC-endorsement_esteves_liberal_entrepreneur-1660,endorsement_esteves_liberal_entrepreneur,75,75,0,true,true,false
cfC-endorsement_cazalis_institutional_continuity-1664,endorsement_cazalis_institutional_continuity,76,73,3,true,true,false
cfC-endorsement_chastagnier_social_democratic-1666,endorsement_chastagnier_social_democratic,100,100,0,true,true,false
cfC-endorsement_brancourt_sovereigntist-1669,endorsement_brancourt_sovereigntist,43,43,0,false,false,false
cfC-endorsement_cazalis_institutional_continuity-1672,endorsement_cazalis_institutional_continuity,83,83,0,true,true,false
cfC-endorsement_esteves_liberal_entrepreneur-1684,endorsement_esteves_liberal_entrepreneur,69,69,0,true,true,false
cfC-endorsement_ferrandi_local_network-1686,endorsement_ferrandi_local_network,78,78,0,true,true,false
cfC-endorsement_ravignan_historic_right-1697,endorsement_ravignan_historic_right,59,58,1,false,false,false
cfC-endorsement_brancourt_sovereigntist-1701,endorsement_brancourt_sovereigntist,77,77,0,true,true,false
cfC-endorsement_esteves_liberal_entrepreneur-1724,endorsement_esteves_liberal_entrepreneur,93,93,0,true,true,false
cfC-endorsement_ferrandi_local_network-1726,endorsement_ferrandi_local_network,85,84,1,true,true,false
cfC-endorsement_cazalis_institutional_continuity-1728,endorsement_cazalis_institutional_continuity,75,74,1,true,true,false
cfC-endorsement_kervadec_left_intellectual-1731,endorsement_kervadec_left_intellectual,97,97,0,true,true,false
cfC-endorsement_chastagnier_social_democratic-1738,endorsement_chastagnier_social_democratic,95,95,0,true,true,false
cfC-endorsement_kervadec_left_intellectual-1739,endorsement_kervadec_left_intellectual,97,97,0,true,true,false
cfC-endorsement_cazalis_institutional_continuity-1744,endorsement_cazalis_institutional_continuity,83,83,0,true,true,false
cfC-endorsement_kervadec_left_intellectual-1747,endorsement_kervadec_left_intellectual,89,90,-1,true,true,false
cfC-endorsement_chastagnier_social_democratic-1754,endorsement_chastagnier_social_democratic,89,90,-1,true,true,false
cfC-endorsement_ferrandi_local_network-1758,endorsement_ferrandi_local_network,85,85,0,true,true,false
cfC-endorsement_chastagnier_social_democratic-1762,endorsement_chastagnier_social_democratic,97,97,0,true,true,false
cfC-endorsement_esteves_liberal_entrepreneur-1764,endorsement_esteves_liberal_entrepreneur,92,92,0,true,true,false
cfC-endorsement_brancourt_sovereigntist-1765,endorsement_brancourt_sovereigntist,55,56,-1,false,false,false
cfC-endorsement_ferrandi_local_network-1766,endorsement_ferrandi_local_network,88,88,0,true,true,false
cfC-endorsement_ferrandi_local_network-1774,endorsement_ferrandi_local_network,80,80,0,true,true,false
cfC-endorsement_esteves_liberal_entrepreneur-1796,endorsement_esteves_liberal_entrepreneur,73,73,0,true,true,false
cfC-endorsement_ferrandi_local_network-1798,endorsement_ferrandi_local_network,81,80,1,true,true,false
cfC-endorsement_ferrandi_local_network-1806,endorsement_ferrandi_local_network,73,73,0,true,true,false
cfC-endorsement_chastagnier_social_democratic-1810,endorsement_chastagnier_social_democratic,98,98,0,true,true,false
cfC-endorsement_esteves_liberal_entrepreneur-1812,endorsement_esteves_liberal_entrepreneur,92,92,0,true,true,false
cfC-endorsement_ferrandi_local_network-1838,endorsement_ferrandi_local_network,81,81,0,true,true,false
cfC-endorsement_chastagnier_social_democratic-1842,endorsement_chastagnier_social_democratic,92,92,0,true,true,false
cfC-endorsement_aurousseau_green_governance-1847,endorsement_aurousseau_green_governance,71,70,1,true,true,false
cfC-endorsement_cazalis_institutional_continuity-1848,endorsement_cazalis_institutional_continuity,93,88,5,true,true,false
cfC-endorsement_ravignan_historic_right-1849,endorsement_ravignan_historic_right,60,60,0,false,false,false
cfC-endorsement_chastagnier_social_democratic-1858,endorsement_chastagnier_social_democratic,95,95,0,true,true,false
cfC-endorsement_esteves_liberal_entrepreneur-1860,endorsement_esteves_liberal_entrepreneur,92,92,0,true,true,false
cfC-endorsement_brancourt_sovereigntist-1861,endorsement_brancourt_sovereigntist,55,54,1,false,false,false
cfC-endorsement_kervadec_left_intellectual-1875,endorsement_kervadec_left_intellectual,100,100,0,true,true,false
cfC-endorsement_esteves_liberal_entrepreneur-1876,endorsement_esteves_liberal_entrepreneur,86,85,1,true,true,false
cfC-endorsement_aurousseau_green_governance-1879,endorsement_aurousseau_green_governance,79,58,21,true,false,true
cfC-endorsement_cazalis_institutional_continuity-1888,endorsement_cazalis_institutional_continuity,44,46,-2,false,false,false
cfC-endorsement_brancourt_sovereigntist-1893,endorsement_brancourt_sovereigntist,85,85,0,true,true,false
cfC-endorsement_aurousseau_green_governance-1895,endorsement_aurousseau_green_governance,30,29,1,false,false,false
cfC-endorsement_brancourt_sovereigntist-1901,endorsement_brancourt_sovereigntist,97,87,10,true,true,false
cfC-endorsement_brancourt_sovereigntist-1909,endorsement_brancourt_sovereigntist,65,65,0,false,false,false
cfC-endorsement_aurousseau_green_governance-1911,endorsement_aurousseau_green_governance,86,86,0,true,true,false
cfC-endorsement_chastagnier_social_democratic-1914,endorsement_chastagnier_social_democratic,100,100,0,true,true,false
cfC-endorsement_brancourt_sovereigntist-1917,endorsement_brancourt_sovereigntist,88,89,-1,true,true,false
cfC-endorsement_ferrandi_local_network-1918,endorsement_ferrandi_local_network,78,77,1,true,true,false
cfC-endorsement_ravignan_historic_right-1921,endorsement_ravignan_historic_right,47,47,0,false,false,false
cfC-endorsement_cazalis_institutional_continuity-1928,endorsement_cazalis_institutional_continuity,83,83,0,true,true,false
cfC-endorsement_kervadec_left_intellectual-1931,endorsement_kervadec_left_intellectual,98,98,0,true,true,false
cfC-endorsement_esteves_liberal_entrepreneur-1932,endorsement_esteves_liberal_entrepreneur,54,54,0,false,false,false
cfC-endorsement_cazalis_institutional_continuity-1936,endorsement_cazalis_institutional_continuity,89,87,2,true,true,false
cfC-endorsement_brancourt_sovereigntist-1941,endorsement_brancourt_sovereigntist,89,89,0,true,true,false
cfC-endorsement_chastagnier_social_democratic-1954,endorsement_chastagnier_social_democratic,93,93,0,true,true,false
cfC-endorsement_brancourt_sovereigntist-1957,endorsement_brancourt_sovereigntist,53,54,-1,false,false,false
cfC-endorsement_cazalis_institutional_continuity-1960,endorsement_cazalis_institutional_continuity,86,85,1,true,true,false
cfC-endorsement_ravignan_historic_right-1961,endorsement_ravignan_historic_right,54,54,0,false,false,false
cfC-endorsement_ravignan_historic_right-1985,endorsement_ravignan_historic_right,56,56,0,false,false,false
cfC-endorsement_aurousseau_green_governance-1991,endorsement_aurousseau_green_governance,83,83,0,true,true,false
cfC-endorsement_cazalis_institutional_continuity-1992,endorsement_cazalis_institutional_continuity,91,90,1,true,true,false
cfC-endorsement_brancourt_sovereigntist-2013,endorsement_brancourt_sovereigntist,89,89,0,true,true,false
cfC-endorsement_chastagnier_social_democratic-2026,endorsement_chastagnier_social_democratic,100,100,0,true,true,false
cfC-endorsement_aurousseau_green_governance-2031,endorsement_aurousseau_green_governance,51,51,0,false,false,false
cfC-endorsement_ravignan_historic_right-2033,endorsement_ravignan_historic_right,46,45,1,false,false,false
cfC-endorsement_esteves_liberal_entrepreneur-2044,endorsement_esteves_liberal_entrepreneur,83,84,-1,true,true,false
cfC-endorsement_brancourt_sovereigntist-2061,endorsement_brancourt_sovereigntist,75,75,0,true,true,false
cfC-endorsement_chastagnier_social_democratic-2066,endorsement_chastagnier_social_democratic,91,91,0,true,true,false
cfC-endorsement_chastagnier_social_democratic-2074,endorsement_chastagnier_social_democratic,88,88,0,true,true,false
cfC-endorsement_esteves_liberal_entrepreneur-2084,endorsement_esteves_liberal_entrepreneur,91,91,0,true,true,false
cfC-endorsement_chastagnier_social_democratic-2090,endorsement_chastagnier_social_democratic,94,94,0,true,true,false
cfC-endorsement_cazalis_institutional_continuity-2096,endorsement_cazalis_institutional_continuity,89,89,0,true,true,false
cfC-endorsement_ravignan_historic_right-2097,endorsement_ravignan_historic_right,67,66,1,false,false,false
cfC-endorsement_cazalis_institutional_continuity-2104,endorsement_cazalis_institutional_continuity,91,91,0,true,true,false
cfC-endorsement_ravignan_historic_right-2105,endorsement_ravignan_historic_right,54,53,1,false,false,false
cfC-endorsement_aurousseau_green_governance-2111,endorsement_aurousseau_green_governance,50,47,3,false,false,false
cfC-endorsement_chastagnier_social_democratic-2122,endorsement_chastagnier_social_democratic,98,98,0,true,true,false
cfC-endorsement_ferrandi_local_network-2126,endorsement_ferrandi_local_network,90,89,1,true,true,false
cfC-endorsement_cazalis_institutional_continuity-2128,endorsement_cazalis_institutional_continuity,76,77,-1,true,true,false
cfC-endorsement_aurousseau_green_governance-2135,endorsement_aurousseau_green_governance,42,41,1,false,false,false
cfC-endorsement_cazalis_institutional_continuity-2136,endorsement_cazalis_institutional_continuity,84,86,-2,true,true,false
cfC-endorsement_cazalis_institutional_continuity-2144,endorsement_cazalis_institutional_continuity,64,63,1,false,false,false
cfC-endorsement_ferrandi_local_network-2150,endorsement_ferrandi_local_network,87,87,0,true,true,false
cfC-endorsement_cazalis_institutional_continuity-2152,endorsement_cazalis_institutional_continuity,70,69,1,true,true,false
cfC-endorsement_brancourt_sovereigntist-2157,endorsement_brancourt_sovereigntist,82,82,0,true,true,false
cfC-endorsement_aurousseau_green_governance-2159,endorsement_aurousseau_green_governance,51,51,0,false,false,false
cfC-endorsement_cazalis_institutional_continuity-2160,endorsement_cazalis_institutional_continuity,85,89,-4,true,true,false
cfC-endorsement_aurousseau_green_governance-2175,endorsement_aurousseau_green_governance,27,26,1,false,false,false
cfC-endorsement_kervadec_left_intellectual-2195,endorsement_kervadec_left_intellectual,96,96,0,true,true,false
cfC-endorsement_ferrandi_local_network-2206,endorsement_ferrandi_local_network,57,56,1,false,false,false
cfC-endorsement_ferrandi_local_network-2214,endorsement_ferrandi_local_network,75,75,0,true,true,false
cfC-endorsement_chastagnier_social_democratic-2218,endorsement_chastagnier_social_democratic,86,85,1,true,true,false
cfC-endorsement_cazalis_institutional_continuity-2224,endorsement_cazalis_institutional_continuity,87,85,2,true,true,false
cfC-endorsement_brancourt_sovereigntist-2237,endorsement_brancourt_sovereigntist,90,90,0,true,true,false
cfC-endorsement_ferrandi_local_network-2238,endorsement_ferrandi_local_network,80,80,0,true,true,false
cfC-endorsement_kervadec_left_intellectual-2243,endorsement_kervadec_left_intellectual,98,99,-1,true,true,false
cfC-endorsement_ferrandi_local_network-2246,endorsement_ferrandi_local_network,82,82,0,true,true,false
cfC-endorsement_brancourt_sovereigntist-2253,endorsement_brancourt_sovereigntist,80,80,0,true,true,false
cfC-endorsement_esteves_liberal_entrepreneur-2260,endorsement_esteves_liberal_entrepreneur,54,55,-1,false,false,false
cfC-endorsement_esteves_liberal_entrepreneur-2268,endorsement_esteves_liberal_entrepreneur,93,93,0,true,true,false
cfC-endorsement_cazalis_institutional_continuity-2272,endorsement_cazalis_institutional_continuity,82,83,-1,true,true,false
cfC-endorsement_kervadec_left_intellectual-2275,endorsement_kervadec_left_intellectual,97,97,0,true,true,false
cfC-endorsement_chastagnier_social_democratic-2282,endorsement_chastagnier_social_democratic,93,93,0,true,true,false
cfC-endorsement_esteves_liberal_entrepreneur-2284,endorsement_esteves_liberal_entrepreneur,57,57,0,false,false,false
cfC-endorsement_ravignan_historic_right-2289,endorsement_ravignan_historic_right,60,59,1,false,false,false
cfC-endorsement_esteves_liberal_entrepreneur-2292,endorsement_esteves_liberal_entrepreneur,68,68,0,false,false,false
cfC-endorsement_aurousseau_green_governance-2295,endorsement_aurousseau_green_governance,42,41,1,false,false,false
cfC-endorsement_ravignan_historic_right-2297,endorsement_ravignan_historic_right,80,81,-1,true,true,false
cfC-endorsement_esteves_liberal_entrepreneur-2308,endorsement_esteves_liberal_entrepreneur,81,81,0,true,true,false
cfC-endorsement_aurousseau_green_governance-2311,endorsement_aurousseau_green_governance,61,61,0,false,false,false
cfC-endorsement_chastagnier_social_democratic-2314,endorsement_chastagnier_social_democratic,95,95,0,true,true,false
cfC-endorsement_kervadec_left_intellectual-2315,endorsement_kervadec_left_intellectual,96,96,0,true,true,false
cfC-endorsement_cazalis_institutional_continuity-2320,endorsement_cazalis_institutional_continuity,80,81,-1,true,true,false
cfC-endorsement_ravignan_historic_right-2321,endorsement_ravignan_historic_right,66,65,1,false,false,false
cfC-endorsement_esteves_liberal_entrepreneur-2324,endorsement_esteves_liberal_entrepreneur,88,88,0,true,true,false
cfC-endorsement_cazalis_institutional_continuity-2336,endorsement_cazalis_institutional_continuity,59,59,0,false,false,false
cfC-endorsement_esteves_liberal_entrepreneur-2348,endorsement_esteves_liberal_entrepreneur,86,86,0,true,true,false
cfC-endorsement_aurousseau_green_governance-2351,endorsement_aurousseau_green_governance,40,39,1,false,false,false
cfC-endorsement_brancourt_sovereigntist-2365,endorsement_brancourt_sovereigntist,64,64,0,false,false,false
cfC-endorsement_aurousseau_green_governance-2367,endorsement_aurousseau_green_governance,37,37,0,false,false,false
cfC-endorsement_ravignan_historic_right-2377,endorsement_ravignan_historic_right,53,52,1,false,false,false
cfC-endorsement_ravignan_historic_right-2385,endorsement_ravignan_historic_right,59,58,1,false,false,false
cfC-endorsement_kervadec_left_intellectual-2387,endorsement_kervadec_left_intellectual,91,91,0,true,true,false
cfC-endorsement_cazalis_institutional_continuity-2392,endorsement_cazalis_institutional_continuity,89,85,4,true,true,false
cfC-endorsement_ravignan_historic_right-2393,endorsement_ravignan_historic_right,66,64,2,false,false,false
cfC-endorsement_ravignan_historic_right-2401,endorsement_ravignan_historic_right,65,64,1,false,false,false
cfC-endorsement_brancourt_sovereigntist-2405,endorsement_brancourt_sovereigntist,93,93,0,true,true,false
cfC-endorsement_ravignan_historic_right-2409,endorsement_ravignan_historic_right,69,69,0,false,false,false
cfC-endorsement_ravignan_historic_right-2417,endorsement_ravignan_historic_right,63,63,0,false,false,false
cfC-endorsement_ravignan_historic_right-2425,endorsement_ravignan_historic_right,44,43,1,false,false,false
cfC-endorsement_brancourt_sovereigntist-2429,endorsement_brancourt_sovereigntist,91,91,0,true,true,false
cfC-endorsement_ferrandi_local_network-2430,endorsement_ferrandi_local_network,88,87,1,true,true,false
cfC-endorsement_aurousseau_green_governance-2439,endorsement_aurousseau_green_governance,44,43,1,false,false,false
cfC-endorsement_chastagnier_social_democratic-2442,endorsement_chastagnier_social_democratic,99,99,0,true,true,false
cfC-endorsement_esteves_liberal_entrepreneur-2444,endorsement_esteves_liberal_entrepreneur,89,89,0,true,true,false
cfC-endorsement_chastagnier_social_democratic-2450,endorsement_chastagnier_social_democratic,96,96,0,true,true,false
cfC-endorsement_kervadec_left_intellectual-2451,endorsement_kervadec_left_intellectual,86,86,0,true,true,false
cfC-endorsement_ravignan_historic_right-2457,endorsement_ravignan_historic_right,57,56,1,false,false,false
cfC-endorsement_esteves_liberal_entrepreneur-2460,endorsement_esteves_liberal_entrepreneur,90,90,0,true,true,false
cfC-endorsement_aurousseau_green_governance-2463,endorsement_aurousseau_green_governance,44,43,1,false,false,false
cfC-endorsement_cazalis_institutional_continuity-2464,endorsement_cazalis_institutional_continuity,88,88,0,true,true,false
cfC-endorsement_ravignan_historic_right-2465,endorsement_ravignan_historic_right,58,58,0,false,false,false
cfC-endorsement_esteves_liberal_entrepreneur-2476,endorsement_esteves_liberal_entrepreneur,85,85,0,true,true,false
cfC-endorsement_ferrandi_local_network-2478,endorsement_ferrandi_local_network,84,77,7,true,true,false
cfC-endorsement_aurousseau_green_governance-2479,endorsement_aurousseau_green_governance,84,84,0,true,true,false
cfC-endorsement_ferrandi_local_network-2486,endorsement_ferrandi_local_network,83,83,0,true,true,false
cfC-endorsement_chastagnier_social_democratic-2490,endorsement_chastagnier_social_democratic,95,95,0,true,true,false
cfC-endorsement_esteves_liberal_entrepreneur-2492,endorsement_esteves_liberal_entrepreneur,90,90,0,true,true,false
cfC-endorsement_cazalis_institutional_continuity-2496,endorsement_cazalis_institutional_continuity,91,89,2,true,true,false
cfC-endorsement_kervadec_left_intellectual-2507,endorsement_kervadec_left_intellectual,96,96,0,true,true,false
cfC-endorsement_ferrandi_local_network-2518,endorsement_ferrandi_local_network,78,77,1,true,true,false
cfC-endorsement_kervadec_left_intellectual-2539,endorsement_kervadec_left_intellectual,99,99,0,true,true,false
cfC-endorsement_esteves_liberal_entrepreneur-2540,endorsement_esteves_liberal_entrepreneur,91,91,0,true,true,false
cfC-endorsement_aurousseau_green_governance-2543,endorsement_aurousseau_green_governance,45,44,1,false,false,false
cfC-endorsement_ravignan_historic_right-2545,endorsement_ravignan_historic_right,59,59,0,false,false,false
cfC-endorsement_kervadec_left_intellectual-2555,endorsement_kervadec_left_intellectual,89,89,0,true,true,false
cfC-endorsement_brancourt_sovereigntist-2557,endorsement_brancourt_sovereigntist,56,56,0,false,false,false
cfC-endorsement_ferrandi_local_network-2558,endorsement_ferrandi_local_network,90,90,0,true,true,false
cfC-endorsement_ravignan_historic_right-2561,endorsement_ravignan_historic_right,53,52,1,false,false,false
cfC-endorsement_cazalis_institutional_continuity-2568,endorsement_cazalis_institutional_continuity,93,92,1,true,true,false
cfC-endorsement_chastagnier_social_democratic-2570,endorsement_chastagnier_social_democratic,87,87,0,true,true,false
cfC-endorsement_aurousseau_green_governance-2575,endorsement_aurousseau_green_governance,39,38,1,false,false,false
cfC-endorsement_cazalis_institutional_continuity-2576,endorsement_cazalis_institutional_continuity,92,84,8,true,true,false
cfC-endorsement_ravignan_historic_right-2577,endorsement_ravignan_historic_right,55,54,1,false,false,false
cfC-endorsement_ravignan_historic_right-2585,endorsement_ravignan_historic_right,53,52,1,false,false,false
cfC-endorsement_brancourt_sovereigntist-2589,endorsement_brancourt_sovereigntist,88,88,0,true,true,false
cfC-endorsement_cazalis_institutional_continuity-2592,endorsement_cazalis_institutional_continuity,90,87,3,true,true,false
cfC-endorsement_esteves_liberal_entrepreneur-2596,endorsement_esteves_liberal_entrepreneur,56,56,0,false,false,false
cfC-endorsement_ferrandi_local_network-2606,endorsement_ferrandi_local_network,55,55,0,false,false,false
cfC-endorsement_brancourt_sovereigntist-2613,endorsement_brancourt_sovereigntist,86,86,0,true,true,false
cfC-endorsement_ferrandi_local_network-2614,endorsement_ferrandi_local_network,76,75,1,true,true,false
cfC-endorsement_cazalis_institutional_continuity-2616,endorsement_cazalis_institutional_continuity,86,89,-3,true,true,false
cfC-endorsement_ravignan_historic_right-2617,endorsement_ravignan_historic_right,53,52,1,false,false,false
cfC-endorsement_ravignan_historic_right-2625,endorsement_ravignan_historic_right,52,51,1,false,false,false
cfC-endorsement_ravignan_historic_right-2633,endorsement_ravignan_historic_right,48,48,0,false,false,false
cfC-endorsement_chastagnier_social_democratic-2634,endorsement_chastagnier_social_democratic,97,97,0,true,true,false
cfC-endorsement_chastagnier_social_democratic-2642,endorsement_chastagnier_social_democratic,97,97,0,true,true,false
cfC-endorsement_ravignan_historic_right-2657,endorsement_ravignan_historic_right,53,52,1,false,false,false
cfC-endorsement_brancourt_sovereigntist-2661,endorsement_brancourt_sovereigntist,81,81,0,true,true,false
cfC-endorsement_aurousseau_green_governance-2663,endorsement_aurousseau_green_governance,78,77,1,true,true,false
cfC-endorsement_chastagnier_social_democratic-2666,endorsement_chastagnier_social_democratic,95,95,0,true,true,false
cfC-endorsement_brancourt_sovereigntist-2669,endorsement_brancourt_sovereigntist,77,78,-1,true,true,false
cfC-endorsement_aurousseau_green_governance-2671,endorsement_aurousseau_green_governance,53,52,1,false,false,false
cfC-endorsement_chastagnier_social_democratic-2674,endorsement_chastagnier_social_democratic,97,97,0,true,true,false
cfC-endorsement_ferrandi_local_network-2678,endorsement_ferrandi_local_network,89,89,0,true,true,false
cfC-endorsement_chastagnier_social_democratic-2682,endorsement_chastagnier_social_democratic,90,90,0,true,true,false
cfC-endorsement_ravignan_historic_right-2689,endorsement_ravignan_historic_right,55,54,1,false,false,false
cfC-endorsement_aurousseau_green_governance-2695,endorsement_aurousseau_green_governance,52,51,1,false,false,false
cfC-endorsement_aurousseau_green_governance-2711,endorsement_aurousseau_green_governance,56,78,-22,false,true,true
cfC-endorsement_ravignan_historic_right-2713,endorsement_ravignan_historic_right,54,53,1,false,false,false
cfC-endorsement_aurousseau_green_governance-2719,endorsement_aurousseau_green_governance,73,55,18,true,false,true
cfC-endorsement_esteves_liberal_entrepreneur-2724,endorsement_esteves_liberal_entrepreneur,87,87,0,true,true,false
cfC-endorsement_brancourt_sovereigntist-2725,endorsement_brancourt_sovereigntist,38,38,0,false,false,false
cfC-endorsement_ferrandi_local_network-2734,endorsement_ferrandi_local_network,97,96,1,true,true,false
cfC-endorsement_kervadec_left_intellectual-2739,endorsement_kervadec_left_intellectual,99,99,0,true,true,false
cfC-endorsement_ravignan_historic_right-2745,endorsement_ravignan_historic_right,54,54,0,false,false,false
cfC-endorsement_kervadec_left_intellectual-2747,endorsement_kervadec_left_intellectual,88,89,-1,true,true,false
cfC-endorsement_ferrandi_local_network-2750,endorsement_ferrandi_local_network,58,58,0,false,false,false
cfC-endorsement_chastagnier_social_democratic-2754,endorsement_chastagnier_social_democratic,97,98,-1,true,true,false
cfC-endorsement_ravignan_historic_right-2769,endorsement_ravignan_historic_right,58,57,1,false,false,false
cfC-endorsement_kervadec_left_intellectual-2771,endorsement_kervadec_left_intellectual,90,90,0,true,true,false
cfC-endorsement_brancourt_sovereigntist-2773,endorsement_brancourt_sovereigntist,48,49,-1,false,false,false
cfC-endorsement_ravignan_historic_right-2785,endorsement_ravignan_historic_right,49,47,2,false,false,false
cfC-endorsement_chastagnier_social_democratic-2786,endorsement_chastagnier_social_democratic,99,99,0,true,true,false
cfC-endorsement_cazalis_institutional_continuity-2800,endorsement_cazalis_institutional_continuity,86,85,1,true,true,false
cfC-endorsement_aurousseau_green_governance-2815,endorsement_aurousseau_green_governance,75,74,1,true,true,false
cfC-endorsement_cazalis_institutional_continuity-2824,endorsement_cazalis_institutional_continuity,83,87,-4,true,true,false
cfC-endorsement_esteves_liberal_entrepreneur-2828,endorsement_esteves_liberal_entrepreneur,87,87,0,true,true,false
cfC-endorsement_chastagnier_social_democratic-2834,endorsement_chastagnier_social_democratic,81,81,0,true,true,false
cfC-endorsement_aurousseau_green_governance-2839,endorsement_aurousseau_green_governance,58,54,4,false,false,false
cfC-endorsement_cazalis_institutional_continuity-2840,endorsement_cazalis_institutional_continuity,86,86,0,true,true,false
cfC-endorsement_aurousseau_green_governance-2847,endorsement_aurousseau_green_governance,43,43,0,false,false,false
cfC-endorsement_cazalis_institutional_continuity-2848,endorsement_cazalis_institutional_continuity,81,82,-1,true,true,false
cfC-endorsement_brancourt_sovereigntist-2853,endorsement_brancourt_sovereigntist,75,76,-1,true,true,false
